-61, -108
-127, -111
-115, -71
-116, -96
-128, -83
-70, -122
-87, -94
-69, -105
-83, -95
0, -151
-50, -131
-117, -56
-90, -129
-153, -94
-97, -98
-67, -77
-101, -87
-53, -112
-69, -34
-88, -102
-90, -104
-115, -108
-63, -92
-100, -64
-133, -127
-79, -134
-78, -134
-81, -109
-140, -148
-109, -116
-73, -110
-146, -128
-116, -145
-15, -131
-91, -111
-101, -114
-124, -112
-81, -114
-83, -55
-129, -107
-101, -110
-60, -115
-69, -113
-101, -78
-47, -96
-97, -77
-41, -104
-49, -58
-120, -102
-92, -75
-81, -113
-57, -99
-40, -143
-108, -105
-74, -75
-28, -175
-122, -65
-75, -75
-110, -120
-99, -92
-69, -105
-63, -125
-64, -57
-93, -62
-101, -118
-64, -132
-67, -117
-63, -62
-32, -101
-93, -174
-86, -129
-86, -97
-81, -70
-67, -83
-37, -109
-122, -110
-85, -116
-107, -131
-131, -134
-94, -81
-99, -89
-110, -116
-119, -129
-18, -89
-63, -111
-49, -121
-55, -140
-129, -166
-32, -114
-40, -90
-130, -160
-138, -151
-85, -83
-81, -122
-77, -68
-120, -98
-120, -101
-34, -124
-103, -49
-135, -52
-63, -96
-129, -128
-36, -96
-43, -117
-135, -135
-88, -99
-76, -138
-99, -54
-43, -83
-38, -117
-58, -73
-125, -100
-124, -121
-45, -105
-104, -128
-82, -46
-37, -148
-103, -134
-107, -122
-63, -100
-54, -124
-42, -108
-67, -88
-67, -78
-82, -57
-124, -89
-102, -104
-121, -82
-67, -133
-86, -157
-143, -117
-126, -91
-60, -119
-69, -161
-105, -114
-81, -98
-90, -121
-103, -130
-99, -110
-82, -102
-107, -92
-80, -111
-85, -99
-49, -120
-37, -73
-68, -117
-104, -138
-45, -150
-78, -201
-111, -106
-67, -72
-105, -117
-127, -86
-71, -89
-50, -105
-81, -112
-141, -106
-126, -72
-84, -150
-106, -121
-42, -94
-36, -110
-119, -123
-131, -157
-7, -86
-73, -152
-98, -138
-80, -91
-121, -127
-83, -134
-72, -128
-96, -102
-90, -102
-4, -138
-49, -123
-152, -58
-95, -135
-93, -107
-110, -115
-94, -217
-108, -106
-70, -95
-61, -195
-157, -145
-111, -78
-40, -45
-128, -93
-72, -143
-61, -122
-72, -63
-89, -116
-106, -60
-67, -119
-13, -192
-46, -121
-164, -101
-57, -113
-146, -98
-113, -3
-65, -72
-79, -121
-45, -149
-99, -66
-66, -153
-121, -109
-91, -116
-54, -158
-71, -131
-70, -106
-170, -101
-69, -147
-36, -87
-134, -161
-78, -116
-38, -153
-141, -180
-92, -143
-92, -128
-159, -120
-60, -191
-153, -126
-113, -106
-75, -141
-118, -82
-124, -88
-130, -120
-65, -102
-83, -145
-129, -151
-125, -88
-84, -134
-111, -125
-75, -127
-41, -119
-44, -63
-116, -103
-113, -93
-40, -145
-90, -111
-70, -114
-64, -137
-67, -109
-81, -111
-79, -152
-124, -180
-61, -134
7, -119
-89, -193
-133, -151
-96, -147
-104, -121
-118, -160
-57, -123
-55, -97
-40, -141
-129, -152
-112, -136
-76, -79
-57, -70
-35, -126
-121, -112
-51, -89
-76, -172
-72, -99
-86, -96
-113, -85
-71, -116
-45, -65
-76, -133
-77, -111
-88, -72
-53, -120
-92, -95
-47, -133
-50, -108
-149, -97
-104, -77
-81, -115
-56, -175
-91, -90
-42, -113
-100, -109
-105, -141
-29, -129
-70, -156
-51, -105
-67, -38
-113, -83
-91, -139
-59, -156
-83, -113
-104, -131
2, -96
-60, -112
-103, -158
-79, -97
-57, -61
-58, -119
-76, -162
-77, -117
-107, -146
-58, -185
-93, -99
-103, -94
-32, -118
-57, -107
-97, -64
-103, -144
-151, -120
-62, -70
-13, -113
-48, -138
-43, -86
-58, -34
-147, -120
-46, -115
-114, -117
-86, -118
-63, -87
-66, -147
-81, -143
-42, -64
-37, -131
-135, -168
-58, -100
-93, -110
-82, -117
-90, -75
-96, -129
-140, -95
-79, -117
-78, -106
-58, -79
-61, -119
-53, -87
-53, -163
-111, -133
-69, -94
-107, -99
-64, -101
-25, -133
-78, -97
-100, -133
-130, -138
-66, -106
-89, -95
-68, -88
-79, -146
-83, -94
-108, -104
-37, -110
-59, -127
-100, -91
-90, -105
-73, -123
-136, -105
-117, -100
-123, -141
-95, -147
-59, -69
-5, -115
-53, -119
-110, -134
-100, -143
-128, -108
-69, -110
-101, -117
-67, -97
-127, -82
-145, -106
-60, -128
-102, -82
-82, -133
-35, -85
-85, -65
-56, -95
-90, -115
-101, -156
-106, -178
-119, -82
-60, -73
-94, -185
-106, -133
-55, -67
-93, -106
-108, -100
-84, -80
-82, -113
-80, -138
-88, -127
-103, -69
-49, -116
-89, -105
-53, -104
-122, -100
-81, -199
-151, -93
-74, -57
-121, -140
-70, -93
-40, -102
-84, -116
-23, -41
-44, -113
-79, -146
-73, -125
-71, -136
-124, -119
-81, -90
-87, -58
-24, -124
-110, -99
-52, -129
-115, -179
-112, -70
-78, -83
-120, -125
-142, -63
-62, -102
-128, -165
-132, -108
-66, -109
-97, -158
-121, -145
-18, -79
-86, -122
-107, -65
-44, -94
-121, -134
-113, -130
-76, -136
-35, -109
-93, -89
-106, -28
-71, -129
-77, -74
-81, -135
-105, -156
-105, -150
-82, -112
-108, -68
-56, -136
-87, -109
-86, -61
-112, -130
-64, -164
-79, -112
-127, -69
-88, -122
-79, -117
-79, -91
-54, -147
-67, -103
-84, -99
-64, -142
-118, -70
-78, -99
-99, -116
-90, -136
-62, -98
-33, -127
-84, -169
-114, -134
-60, -148
-68, -146
-77, -129
-67, -40
-48, -111
-105, -77
-97, -111
-76, -152
-84, -110
-67, -137
-118, -69
-91, -104
-143, -150
-138, -87
-81, -106
-79, -72
-94, -80
-113, -118
-119, -70
-100, -140
-109, -138
-56, -36
-53, -110
-53, -152
-107, -77
-100, -73
-62, -93
-68, -124
-35, -68
-82, -96
-109, -63
-145, -81
-81, -137
-91, -59
-53, -135
-73, -125
-64, -122
-88, -161
-129, -77
-105, -108
-110, -119
-100, -45
-19, -96
-70, -76
-62, -98
-135, -88
-108, -58
-37, -149
-153, -80
-68, -60
-22, -105
-99, -106
-83, -175
-144, -101
-128, -30
-74, -87
-144, -78
-111, -63
-147, -103
-49, -117
-42, -143
-110, -106
-38, -92
-107, -83
-105, -106
-63, -146
-75, -100
-110, -171
-65, -160
-92, -107
-65, -100
-43, -178
-120, -106
-85, -88
-89, -161
-82, -94
-60, -129
-47, -78
-52, -75
-90, -129
-81, -131
-123, -109
-108, -131
-114, -76
-48, -115
-76, -139
-122, -137
-133, -107
-117, -88
-105, -116
-83, -105
-20, -176
-118, -80
-107, -59
-105, -108
-96, -101
-88, -91
-112, -77
-132, -106
-67, -139
-70, -145
-135, -102
-80, -67
-55, -111
-147, -128
-103, -113
-79, -70
-93, -176
-103, -111
-122, -59
-109, -89
-60, -117
-47, -141
-117, -129
-54, -113
-57, -83
-138, -87
-96, -134
-122, -134
-92, -71
-55, -116
-49, -169
-73, -103
-166, -89
-90, -141
-127, -102
-80, -150
-97, -163
-136, -131
-121, -91
-88, -107
-132, -164
-122, -113
-96, -122
-103, -142
-98, -123
-166, -86
-55, -96
-97, -124
-145, -130
-71, -129
-35, -139
-125, -122
-86, -74
-114, -112
-78, -99
-150, -105
-169, -136
-94, -129
-117, -81
-78, -113
-68, -104
-80, -57
-180, -115
-79, -138
-81, -151
-73, -99
-118, -58
-70, -143
-28, -131
-59, -132
-88, -96
-50, -70
-56, -89
-63, -91
-84, -150
-134, -131
11, -91
-87, -135
-132, -98
-124, -60
-111, -87
-20, -92
-95, -139
-96, -99
-107, -13
-131, -100
-28, -128
-111, -102
-78, -74
-80, -134
-28, -77
-49, -64
-50, -185
-119, -111
-123, -153
-43, -80
-165, -51
-52, -63
-95, -76
-112, -102
-32, -77
-80, -165
-119, -121
-31, -149
-51, -151
-89, -84
-65, -105
-155, -137
-43, -97
-62, -118
-55, -114
-49, -123
-15, -70
-67, -74
-102, -126
-49, -75
-137, -111
-66, -144
-136, -136
-117, -90
-137, -79
-112, -60
-83, -120
-72, -96
-112, -38
-54, -82
-37, -125
-21, -131
-59, -149
-87, -106
-111, -80
-30, -57
-59, -98
-106, -125
-71, -108
-108, -85
-40, -94
-76, -114
-106, -77
-123, -86
-77, -76
-57, -114
-105, -104
-114, -122
-120, -123
-3, -80
-84, -116
-96, -144
-58, -167
-117, -95
-98, -117
-104, -130
-120, -79
-95, -82
-59, -145
-129, -96
-73, -79
-28, -89
-50, -122
-59, -94
-73, -101
-106, -152
-74, -132
-67, -150
-65, -82
-85, -108
-13, -139
-126, -84
-113, -132
-27, -93
-124, -122
-106, -101
-57, -85
-87, -122
-89, -132
-86, -134
-87, -103
-84, -125
-103, -44
-106, -112
-72, -118
-96, -152
-63, -136
-81, -109
-122, -152
-137, -125
-86, -109
-84, -134
-62, -83
-64, -123
-109, -127
-27, -89
-35, -135
-66, -94
-49, -95
-25, -67
-182, -110
-110, -92
-75, -78
-64, -130
-79, -118
-183, -86
-93, -67
-64, -70
-43, -104
-73, -120
-95, -93
-68, -133
-36, -161
-85, -98
-83, -60
-69, -168
-114, -91
-11, -153
-125, -156
-91, -96
-78, -60
-100, -64
-79, -107
-106, -83
-94, -178
-116, -167
-89, -92
-113, -78
-23, -76
-125, -79
-132, -64
-103, -124
-34, -111
-61, -92
-69, -152
-83, -129
-147, -61
-40, -112
-94, -116
-34, -125
-26, -85
-98, -112
-74, -105
-43, -104
-60, -120
-9, -105
-106, -98
-87, -60
1, -136
-79, -84
-52, -123
-119, -107
-8, -96
-141, -104
-77, -67
-34, -93
-59, -89
-70, -90
-108, -56
-28, -126
-121, -104
-53, -98
-45, -106
-64, -85
-77, -111
-90, -54
-24, -93
-69, -106
-112, -117
-146, -106
-85, -148
-12, -114
-81, -121
-111, -89
-77, -72
-95, -55
-78, -74
-69, -176
-109, -79
-54, -39
-113, -98
-44, -62
-40, -149
-21, -87
-56, -84
-118, -150
-58, -47
-41, -89
-104, -80
-144, -99
-100, -129
-83, -113
-65, -117
-75, -118
-99, -122
-108, -121
-136, -127
-112, -97
-77, -155
-66, -188
-71, -70
-114, -85
-79, -111
-91, -112
-101, -135
-103, -121
-60, -71
-47, -57
-42, -161
-144, -126
-87, -93
-48, -156
-109, -137
-94, -124
-90, -119
-73, -84
-127, -138
-87, -117
-118, -105
-168, -83
-136, -65
-103, -114
-113, -160
-89, -117
-47, -102
-42, -78
-111, -61
-115, -117
-119, -86
-91, -83
-72, -125
-113, -112
-107, -132
-41, -89
-45, -95
-150, -101
-123, -121
-68, -124
-26, -117
-112, -132
-94, -72
-65, -125
-103, -110
-56, -102
-61, -149
-46, -52
-38, -47
-108, -60
-43, -99
-22, -122
-106, -75
-75, -109
-130, -112
-83, -40
-140, -63
-52, -105
-108, -57
-153, -81
-80, -150
-60, -122
-38, -104
-141, -144
-163, -113
-83, -138
-120, -119
-72, -128
-54, -118
-91, -151
-82, -109
-59, -119
-93, -126
-66, -173
-71, -103
-55, -82
-29, -106
-83, -89
-118, -116
-120, -138
-123, -65
-73, -102
-55, -130
-70, -68
-98, -151
-119, -85
-105, -92
-93, -88
-33, -105
-97, -107
-68, -71
-96, -117
-84, -112
-91, -122
-112, -95
-55, -99
-122, -117
-91, -75
-74, -88
-134, -145
-104, -139
-88, -59
-133, -135
-79, -118
-102, -85
-109, -139
-53, -132
-106, -65
-28, -47
-76, -88
-72, -62
-53, -110
-62, -74
-93, -57
-93, -89
-68, -41
-117, -149
-137, -123
-91, -109
-58, -122
-95, -93
-113, -117
-65, -72
-45, -111
-107, -123
-82, -106
-51, -140
-80, -88
-20, -105
-119, -130
-135, -82
-61, -94
-86, -161
-66, -60
-87, -84
-75, -142
-83, -93
-104, -107
-104, -122
-109, -119
-96, -94
-43, -72
-38, -79
-107, -96
-64, -91
-93, -145
-110, -83
-93, -114
-107, -83
-133, -104
-90, -140
-37, -72
-89, -55
-118, -117
-67, -89
-40, -100
-129, -146
-57, -102
-67, -112
-59, -136
-41, -99
-66, -135
-74, -84
-159, -63
-44, -121
-139, -74
-90, -123
-118, -105
-60, -136
-57, -111
-109, -125
-42, -144
-37, -142
-56, -120
-88, -73
-97, -66
-57, -118
-66, -132
-111, -114
-49, -72
-87, -98
-113, -93
-130, -56
-59, -72
-123, -94
-29, -189
-68, -193
-85, -119
-25, -81
-87, -111
-50, -134
-98, -175
-101, -95
-59, -107
-158, -112
-37, -97
-72, -112
-88, -143
-77, -89
-31, -125
-126, -158
-102, -69
-91, -102
-35, -116
-9, -126
-69, -124
-113, -106
-109, -55
-73, -88
-117, -125
-65, -98
-127, -117
-121, -128
-115, -43
-39, -75
-45, -89
-50, -88
-114, -133
-66, -65
-86, -77
-115, -60
-75, -90
-108, -149
-130, -135
-58, -171
-94, -118
-55, -153
-23, -119
-87, -80
-102, -82
-92, -110
-77, -82
-94, -89
-71, -108
-134, -61
-105, -110
-62, -132
-52, -117
-84, -74
-58, -173
-33, -105
-82, -123
-141, -110
-126, -59
-80, -149
-135, -86
-51, -67
-66, -131
-126, -136
-92, -112
-52, -70
-79, -132
-49, -138
-56, -127
-36, -108
-113, -154
-87, -84
-59, -138
-80, -114
-47, -71
-43, -110
-82, -103
-74, -130
1, -72
-134, -90
-120, -105
-69, -124
-87, -87
-91, -115
-123, -125
-98, -100
-100, -73
-76, -147
-32, -154
-35, -139
-105, -109
-116, -100
-81, -149
-86, -111
-36, -84
-66, -112
-51, -127
-82, -101
-124, -89
-94, -58
-52, -91
-93, -142
-107, -81
-126, -100
-48, -99
-92, -95
-62, -108
-63, -72
-86, -80
-91, -122
-168, -121
-125, -121
-80, -93
-86, -79
-68, -159
-130, -55
8, -78
-105, -134
-138, -105
-35, -115
-103, -121
-55, -60
-65, -125
-64, -118
-134, -48
-58, -125
-73, -104
-65, -149
-66, -101
-108, -31
-69, -121
-129, -101
-90, -68
-45, -103
-106, -101
-59, -124
-106, -118
-123, -123
-107, -34
-79, -125
-55, -142
-52, -102
-63, -96
-78, -104
-89, -90
-86, -102
-87, -99
-25, -62
-70, -118
-114, -30
-55, -115
-75, -149
-101, -99
-33, -123
-63, -104
-75, -94
-64, -102
-77, -116
-92, -112
-79, -94
-89, -137
-84, -148
-86, -39
-80, -111
-74, -122
-137, -78
-76, -61
-106, -108
-59, -108
-74, -127
-102, -120
-86, -55
-113, -105
-55, -125
-51, -119
-147, -123
-124, -115
-126, -130
-107, -148
-66, -117
-105, -128
-86, -172
-63, -72
-82, -95
-94, -163
-66, -68
-43, -146
-82, -122
-61, -46
-58, -65
-70, -119
-94, -107
-70, -72
-35, -169
-50, -118
-104, -128
-129, -100
-130, -121
-142, -111
-76, -57
-68, -102
-110, -83
-94, -130
-99, -84
-148, -40
-69, -62
-100, -139
-145, -51
-91, -112
-76, -88
-82, -63
-63, -126
-21, -118
-66, -138
-30, -122
-35, -84
-133, -95
-85, -120
-127, -112
-102, -92
-100, -63
-57, -90
-40, -117
-84, -104
-120, -125
-92, -109
10, -78
-56, -66
-46, -74
-6, -59
-78, -40
-72, -137
-88, -137
-106, -93
-83, -77
-71, -78
-142, -95
-82, -140
-78, -131
-108, -92
-85, -57
-25, -116
-109, -132
-104, -96
-92, -139
-104, -97
-48, -73
-98, -85
-31, -44
-103, -97
-64, -90
-79, -152
-11, -22
-84, -133
-150, -183
-88, -116
-134, -169
-67, -109
-68, -86
-72, -127
-46, -135
-134, -121
-58, -68
-46, -62
-53, -129
-77, -120
-85, -127
-74, -47
-124, -65
-88, -88
-120, -161
-79, -94
-74, -123
-68, -96
-120, -73
-78, -97
-95, -95
-92, -89
-84, -78
-69, -89
-53, -104
-90, -155
-102, -95
-146, -91
-65, -127
-47, -99
-59, -124
-106, -118
-76, -146
-116, -97
-66, -96
-113, -106
-48, -92
-45, -95
-116, -48
-109, -114
-140, -115
-88, -134
-62, -100
-104, -89
-80, -80
-78, -95
-122, -168
-54, -97
-131, -109
-59, -69
-118, -78
-132, -68
-89, -84
-100, -101
-21, -126
-84, -135
-96, -86
-118, -106
-94, -67
-39, -96
-116, -71
-63, -156
-103, -95
-66, -83
-101, -89
-93, -123
-114, -96
-62, -88
-88, -122
-105, -88
-90, -111
-115, -134
-86, -93
-84, -130
-70, -148
-92, -118
-96, -123
-101, -88
-59, -72
-74, -105
-95, -139
-62, -97
-95, -136
-61, -95
-26, -96
-46, -117
-73, -111
-108, -95
-124, -62
-54, -149
-86, -120
-99, -85
-57, -157
-77, -103
-69, -88
-131, -161
-131, -70
-110, -78
-48, -126
-93, -138
-116, -111
-62, -63
-40, -109
-86, -134
-159, -97
-91, -70
-111, -75
-115, -119
-45, -119
-71, -76
-110, -118
-113, -95
-134, -82
-165, -115
-96, -100
-92, -106
-80, -140
-98, -80
-36, -120
-94, -119
-49, -77
-129, -80
-159, -60
-50, -93
-37, -150
-144, -114
-131, -119
-82, -143
-98, -150
-94, -126
-101, -45
-14, -26
-75, -98
-52, -105
-118, -73
-80, -89
-76, -99
-102, -83
-96, -127
-132, -128
-112, -92
-93, -150
-85, -61
-45, -50
-65, -99
-165, -71
-114, -32
-69, -28
-56, -117
-84, -86
-43, -133
-106, -82
-118, -121
-86, -125
-69, -130
-74, -111
-54, -119
-73, -111
-124, -96
-92, -137
-108, -107
-137, -122
-76, -97
-72, -144
-67, -68
-49, -131
-88, -140
-84, -68
-86, -81
-63, -90
-25, -88
-56, -59
-73, -85
-14, -136
-156, -95
-49, -122
-6, -103
-77, -149
-112, -121
-110, -67
-21, -79
-49, -113
-49, -111
-71, -93
-84, -131
-121, -93
-99, -106
-72, -101
-126, -115
-64, -108
-38, -114
-60, -107
-38, -131
-148, -70
-70, -71
-8, -131
-66, -103
-66, -126
-41, -123
-64, -124
-102, -133
-54, -109
-83, -81
-26, -87
-67, -103
-126, -88
-97, -68
-56, -156
-49, -141
-74, -113
-65, -100
-125, -142
-92, -142
-115, -85
-34, -131
-38, -93
-108, -96
-86, -164
-29, -125
-40, -67
-122, -87
-111, -108
-66, -100
-97, -132
-97, -81
-52, -124
-74, -67
-117, -57
-111, -86
-79, -75
-123, -104
-11, -96
-75, -102
-18, -130
-31, -150
-69, -124
-98, -98
-128, -88
-102, -153
-85, -126
-88, -134
-101, -108
-61, -133
-89, -102
-70, -65
-145, -118
-76, -134
-41, -117
-73, -158
-191, -56
-104, -67
-51, -132
-50, -88
-67, -67
-22, -156
-56, -105
-96, -71
-58, -148
-114, -164
-133, -121
-70, -108
-64, -170
-150, -60
-53, -156
-27, -117
-94, -111
-117, -134
-165, -67
-74, -105
-66, -83
-119, -103
-82, -134
-115, -104
-107, -81
-67, -62
-74, -135
-107, -102
-72, 19
-118, -101
-87, -128
-41, -121
-88, -115
-70, -52
-75, -69
-67, -101
-90, -111
-64, -132
-90, -183
-86, -111
-111, -47
-134, -87
-160, -68
-123, -66
-4, -148
-123, -156
-119, -72
-104, -55
-79, -100
-76, -126
-92, -132
-112, -106
-60, -90
-49, -67
-83, -126
-80, -128
-148, -115
-71, -105
-93, -79
-64, -144
-87, -114
-153, -102
-65, -65
-56, -59
-165, -85
-89, -153
-75, -103
-84, -167
-74, -133
-68, -77
-70, -77
-39, -122
-35, -112
-110, -157
-100, -137
-109, -59
-89, -151
-123, -119
-78, -109
-88, -101
-35, -156
-116, -129
-130, -115
-117, -158
-39, -102
-32, -108
-86, -144
-35, -104
-42, -85
-89, -63
-97, -95
-62, -144
-90, -124
-59, -116
-73, -97
-122, -83
-94, -114
-36, -94
-50, -116
-49, -129
-32, -156
-120, -147
-69, -128
-51, -108
-68, -75
-56, -180
-80, -55
-50, -106
-131, -145
-95, -161
-92, -174
-100, -64
-9, -116
-47, -126
-69, -86
-98, -76
-56, -81
-57, -89
-115, -36
-65, -107
-98, -67
-96, -91
-106, -124
-80, -96
-26, -111
-71, -113
-28, -115
-52, -81
-69, -119
-50, -133
-40, -132
-26, -74
-48, -168
-77, -49
-78, -159
-120, -73
-5, -109
-76, -69
-57, -75
-25, -169
-88, -82
-118, -143
-111, -124
-104, -81
-94, -91
-113, -146
-97, -78
-3, -90
-149, -101
-76, -107
-45, -144
-40, -106
-68, -80
-90, -120
-86, -99
-85, -91
-117, -94
-103, -158
-105, -72
-35, -81
-73, -140
-125, -28
-107, -117
-150, -117
-93, -60
-96, -75
-6, -75
-116, -114
-24, -106
-37, -128
-83, -78
-36, -70
-109, -106
-88, -96
-136, -72
-74, -132
-88, -148
-69, -105
-99, -131
-83, -106
-33, -112
-88, -172
-142, -149
-56, -129
-75, -129
-74, -77
-51, -71
-59, -61
-103, -107
-137, -80
-75, -88
-76, -97
-62, -104
-133, -72
-73, -90
-55, -105
-64, -91
-91, -109
-100, -86
-66, -116
-75, -102
-56, -26
-86, -84
-95, -182
-129, -78
-86, -114
-95, -59
-77, -148
-89, -157
-88, -100
-79, -147
-53, -35
-79, -84
-21, -94
-68, -112
-133, -82
-84, -79
-53, -143
-87, -113
-65, -94
-66, -107
-107, -104
-53, -156
-130, -112
-43, -116
-70, -136
-134, -67
-51, -46
-70, -60
-95, -136
-90, -77
-26, -127
-167, -101
-120, -120
-102, -67
-66, -92
-61, -117
-105, -153
-61, -137
-86, -54
-67, -83
-118, -138
-116, -159
-94, -69
-99, -82
-73, -144
-61, -169
-102, -56
-19, -76
-113, -124
-115, -76
-105, -83
-94, -71
-110, -48
-61, -83
-47, -116
-100, -135
-68, -110
-89, -110
-27, -50
-73, -76
-125, -81
-64, -68
-105, -108
-110, -91
-36, -89
-61, -106
-84, -138
-52, -183
-130, -98
-66, -102
-63, -192
-107, -78
-84, -93
-83, -133
-96, -104
-109, -100
-70, -137
-125, -123
-61, -25
-51, -131
-95, -173
-60, -81
-90, -92
-70, -92
-77, -98
-114, -94
-65, -85
-38, -139
-1, -104
-40, -117
-68, -129
-91, -70
-69, -91
-24, -142
-148, -129
-55, -54
-33, -73
-142, -94
-149, -29
-37, -136
-111, -104
-66, -68
-61, -137
-113, -83
-33, -68
-29, -94
-88, -75
-111, -72
6, -142
-57, -116
-84, -109
-69, -105
-87, -121
-86, -125
-91, -106
-63, -125
-82, -87
-88, -89
-85, -87
-111, -60
-147, -62
-134, -95
-52, -130
-58, -75
-91, -96
-73, -104
-122, -108
-86, -136
-10, -111
-86, -92
-59, -111
-125, -33
-99, -122
-88, -182
-93, -126
-70, -161
-112, -153
-132, -120
-50, -71
-117, -143
-127, -106
-56, -105
-65, -144
-50, -158
-71, -97
-108, -93
-98, -76
-67, -96
-67, -102
-60, -102
-110, -149
-43, -145
-109, -135
-97, -90
-116, -104
-90, -82
-31, -113
-76, -118
-29, -115
-87, -104
-57, -109
-100, -80
-58, -51
-75, -90
-86, -47
-54, -83
-101, -97
-68, -92
-88, -143
-71, -98
-99, -73
-64, -86
-58, -115
-95, -114
-128, -78
-82, -109
-82, -97
-54, -78
-115, -84
-128, -140
-113, -80
-141, -96
-53, -135
-138, -107
-78, -106
-83, -83
-82, -100
-39, -122
-81, -106
-73, -77
-68, -133
-75, -138
-84, -97
-78, -121
-146, -139
-90, -66
-25, -117
-107, -73
-49, -51
-47, -147
-56, -123
-89, -114
-74, -102
-61, -83
-85, -138
-77, -108
-77, -87
-56, -133
-115, -119
-77, -84
-68, -52
-50, -47
-125, -120
-67, -88
-37, -83
-42, -193
-66, -93
-130, -61
-40, -96
-89, -84
-115, -70
-110, -132
-77, -134
-69, -87
-108, -75
-93, -65
-60, -106
-81, -86
-63, -98
-77, -156
-80, -73
-97, -104
-130, -66
-82, -99
-28, -98
-52, -118
-74, -144
-10, -102
-142, -98
-48, -139
-131, -114
-60, -109
2, -174
-88, -83
-51, -118
-91, -152
-96, -120
-72, -80
-46, -140
-112, -107
-43, -79
-104, -162
-164, -103
-80, -70
-89, -123
-112, -77
-62, -104
-28, -104
-82, -118
-130, -96
-83, -132
-91, -132
-135, -113
-79, -103
-55, -101
-76, -112
-32, -77
-63, -98
-39, -47
-38, -75
-96, -125
-128, -79
-68, -67
-98, -110
-123, -130
-52, -75
-95, -122
-48, -99
-66, -47
-78, -95
-131, -58
-86, -93
-94, -141
-98, -109
-92, -131
-70, -118
-87, -105
-102, -109
-24, -42
-59, -58
-77, -93
-122, -105
-115, -145
-117, -96
-107, -164
-81, -146
-52, -102
-84, -129
-67, -105
-51, -75
-80, -100
-61, -94
-91, -89
-35, -72
-80, -81
-76, -131
-73, -161
-54, -149
-23, -39
-24, -84
-48, -80
-112, -78
-52, -124
-71, -120
-86, -64
-74, -93
-94, -123
-33, -119
-133, -114
-150, -113
-83, -76
-50, -92
-46, -136
-60, -121
-66, -106
-84, -122
-9, -81
-96, -69
-29, -82
-63, -115
-73, -114
-107, -58
-89, -135
-67, -134
-126, -111
-60, -100
-71, -148
-84, -145
-102, -121
-74, -87
-84, -121
-100, -126
-96, -119
-87, -115
-41, -51
-68, -144
-69, -71
-89, -129
-76, -132
-59, -116
-67, -109
-47, -104
-31, -130
-102, -164
-99, -178
-68, -46
-162, -122
-107, -103
-10, -146
-69, -105
-74, -87
-63, -112
-88, -113
-53, -118
-31, -62
-46, -116
-56, -147
-83, -151
-58, -115
-45, -83
-51, -114
-81, -82
-78, -43
-36, -103
-86, -148
-116, -80
-77, -62
-35, -78
-122, -68
-104, -109
-45, -87
-62, -134
-101, -87
-76, -46
-57, -81
-88, -87
-57, -72
-109, -126
-63, -105
-61, -23
-99, -58
-73, -72
-43, -107
-51, -115
-121, -92
-65, -141
-96, -119
-109, -75
-72, -104
-68, -75
-29, -114
-123, -159
-139, -65
-119, -123
-49, -140
-117, -154
-107, -133
-33, -99
-61, -128
-94, -71
-87, -97
-84, -96
-111, -84
-76, -78
-51, -132
-28, -104
-98, -105
-62, -56
-65, -81
-76, -100
-41, -105
-101, -128
-140, -117
-54, -102
-70, -158
-33, -117
-137, -82
-78, -65
-60, -96
-135, -82
-50, -81
-82, -99
-89, -81
-82, -45
-10, -132
-93, -82
-116, -68
-54, -96
-98, -102
-86, -60
-53, -129
-135, -79
-42, -50
-69, -114
-109, -69
-106, -143
-85, -115
-64, -124
-73, -110
-44, -147
-137, -72
-95, -146
-77, -69
-78, -126
-97, -107
-33, -94
2, -130
-141, -95
-138, -98
-35, -48
-19, -108
-39, -126
-74, -150
-38, -155
-101, -97
-91, -98
-110, -130
-69, -56
-47, -117
-102, -149
-65, -142
-109, -154
-36, -99
-98, -152
-69, -98
-85, -119
-45, -94
-100, -91
-130, -153
-66, -136
-113, -26
-35, -118
-102, -157
-112, -81
-90, -57
-62, -84
-34, -128
-71, -50
-96, -98
-45, -85
-43, -203
-127, -123
-96, -67
-82, -132
-99, -92
-55, -122
-94, -119
-159, -135
-67, -128
-82, -132
-112, -96
-98, -85
-49, -47
-103, -101
-123, -127
-61, -107
-65, -138
-85, -91
-100, -72
-124, -117
-86, -135
-64, -124
-82, -118
-79, -109
-133, -130
-96, -77
-48, -27
-65, -65
-70, -130
-50, -28
4, -93
-86, -146
-74, -107
-26, -80
-21, -85
-48, -146
-115, -130
-79, -138
-148, -66
-52, -87
-34, -93
-43, -81
-128, -88
-60, -74
-106, -107
-58, -84
-112, -79
-94, -82
-28, -76
-88, -84
-61, -118
-151, -56
-68, -83
-94, -98
-65, -121
-135, -100
-84, -71
-52, -160
-122, -52
-98, -87
-119, -108
-104, -88
-53, -144
-55, -98
-67, -37
-24, -107
-148, -134
-139, -126
-48, -116
-114, -75
-123, -76
-43, -99
-48, -102
-75, -109
-123, -171
-61, -75
-12, -83
-36, -122
-52, -112
-85, -83
-55, -110
-135, -145
-62, -111
-4, -145
-18, -116
-70, -103
-90, -111
-72, -119
-121, -146
-94, -98
-64, -91
-62, -112
-100, -77
-152, -122
-101, -69
-57, -132
-82, -34
-84, -85
-69, -85
-77, -17
-131, -88
-131, -116
-130, -109
-73, -88
-109, -131
-107, -79
-33, -164
-113, -152
-84, -105
-118, -129
-39, -96
-82, -110
-117, -80
-31, -60
-142, -133
-123, -121
-111, -90
-48, -111
-88, -130
-71, -83
-92, -101
-83, -101
-78, -102
-25, -99
-23, -89
-120, -85
-87, -5
-76, -44
-105, -91
-42, -106
-6, -132
-69, -77
-76, -140
-110, -126
-141, -46
-133, -48
3, -57
-50, -64
-92, -121
-108, -100
-99, -98
-84, -141
-69, -111
-93, -108
-86, -79
-79, -132
-102, -113
-47, -89
-74, -119
-27, -60
-100, -138
-63, -108
-62, -64
-123, -95
-63, -125
-98, -117
-58, -64
-27, -135
-68, -70
-81, -74
-109, -135
-79, -119
-58, -132
-64, -110
-71, -26
-68, -72
-126, -110
-104, -77
-47, -78
-117, -132
-36, -149
-89, -85
-62, -123
-62, -66
-86, -43
-42, -148
-120, -154
-66, -150
-97, -123
-69, -141
-78, -133
-106, -98
-80, -115
-30, -101
-71, -131
-166, -43
-14, -97
-129, -114
-89, -59
-82, -123
-51, -45
-68, -81
-109, -104
-133, -92
-133, -133
-59, -157
-136, -96
-50, -107
-59, -128
-86, -148
-78, -179
-85, -100
-98, -80
-82, -125
-76, -118
-61, -98
-67, -114
-113, -94
-53, -85
-31, -64
-56, -72
-92, -99
-53, -97
-100, -105
-106, -89
-61, -86
9, -87
-80, -66
-69, -84
-58, -134
-106, -51
-60, -142
-93, -127
-35, -139
-119, -118
-77, -58
-34, -142
-76, -86
-47, -61
-55, -81
-64, -101
-82, -66
-74, -70
-58, -99
-139, -107
-45, -74
-72, -117
-58, -116
-62, -71
-68, -104
-20, -153
-122, -136
-151, -62
-88, -52
2, -134
-73, -155
-119, -89
-118, -92
-67, -105
-96, -81
-110, -133
-119, -153
-98, -127
-68, -71
-90, -46
-45, -109
-74, -112
-68, -50
-110, -58
-51, -80
-35, -134
-76, -79
-81, -105
-80, -91
-50, -134
-125, -180
-103, -39
-44, -131
-72, -102
-17, -79
-56, -120
-64, -75
-81, -89
-78, -104
-83, -88
-70, -82
-102, -41
-74, -96
-36, -121
-177, -130
-150, -76
-87, -56
-84, -118
-103, -66
-23, -42
-76, -87
-81, -114
-75, -120
-72, -105
-84, -92
-83, -97
-101, -56
-127, -155
-82, -124
-113, -90
-77, -160
-118, -82
-84, -161
-84, -89
-113, -113
-65, -126
-81, -127
-83, -155
-46, -73
-59, -78
-108, -73
-88, -73
-52, -75
-93, -118
-131, -91
-123, -96
-129, -90
-100, -101
-61, -126
-35, -113
-56, -111
-58, -144
-122, -118
-52, -126
-54, -127
-70, -127
-95, -84
-168, -103
-99, -85
-73, -100
-73, -149
-74, -130
-66, -85
-91, -118
-79, -119
-96, -86
-28, -89
-116, -74
-109, -107
-15, -124
-48, -103
-84, -107
-118, -89
-59, -126
-63, -141
-82, -107
-81, -78
-59, -122
-138, -113
-98, -112
-86, -89
-133, -76
-56, -128
-87, -125
-74, -142
-126, -89
-123, -174
-56, -114
-48, -150
-14, -109
-21, -65
-14, -100
-123, -101
-71, -70
-68, -80
-51, -89
-52, -89
-131, -105
-72, -110
-68, -126
-86, -110
-92, -134
-74, -91
-74, -119
-29, -123
-95, -59
-69, -80
-47, -144
-80, -150
-95, -78
-49, -60
-62, -128
-63, -126
-70, -146
-46, -105
-28, -116
-84, -57
-125, -79
-23, -25
-30, -85
-107, -91
-110, -87
-78, -105
7, -53
-81, -123
-116, -102
-32, -148
-98, -125
-62, -156
-133, -143
-101, -62
-54, -167
-129, -122
-68, -70
-56, -127
-76, -59
-59, -127
-126, -101
-73, -102
-55, -87
-106, -131
-59, -138
-182, -132
-92, -102
-48, -107
-84, -97
-132, -101
-138, -70
-23, -70
-66, -118
-51, -47
-50, -114
-64, -118
6, -175
-85, -110
-84, -95
-92, -110
-87, -102
-92, -63
-97, -44
-87, -150
-83, -118
-52, -136
-87, -93
-61, -109
-67, -162
-97, -91
-153, -105
-109, -73
-79, -42
-119, -146
-31, -92
-26, -89
-42, -93
-113, -132
-75, -132
-25, -113
-79, -137
-123, -113
-55, -72
-26, -113
-38, -134
-83, -138
-100, -100
-23, -69
-123, -150
-104, -121
-67, -90
-48, -117
-103, -96
-154, -52
-83, -128
-62, -105
-99, -76
-67, -133
-78, -167
-116, -95
-85, -91
-74, -107
-101, -85
-85, -113
-106, -131
-77, -95
-50, -64
-88, -69
-123, -118
-106, -73
-82, -142
-60, -72
-43, -69
-47, -44
-39, -81
-65, -104
-60, -107
-59, -82
-70, -41
-55, -102
-122, -85
-99, -105
-34, -102
-92, -144
-49, -89
-95, -97
-39, -104
-13, -100
-60, -62
-38, -94
-48, -155
-46, -95
-91, -66
-81, -82
-78, -109
-93, -119
-86, -89
-113, -116
-57, -117
-156, -92
-102, -90
-168, -155
-174, -123
-94, -66
-39, -92
-15, -137
-72, -149
-62, -57
-19, -127
-11, -97
-145, -93
-94, -83
-98, -87
-92, -110
-27, -51
-137, -99
-129, -98
-10, -104
-94, -79
-44, -115
-13, -167
-46, -154
-108, -94
-95, -91
-47, -86
-76, -72
-117, -131
-27, -65
-95, -129
-106, -110
-29, -100
-59, -133
-85, -108
-130, -120
-68, -96
-122, -125
-125, -108
-76, -106
-33, -129
-67, -101
-59, -112
-69, -53
-79, -113
-83, -104
-59, -126
-60, -109
-80, -69
-37, -155
-98, -122
-101, -109
-15, -197
-135, -141
-149, -107
-115, -150
-40, -102
-33, -78
-43, -95
-71, -81
-75, -123
-51, -121
-77, -61
-71, -114
-98, -119
-113, -109
-145, -86
-83, -86
-110, -60
-84, -152
-58, -83
-77, -38
-80, -73
-27, -91
-97, -107
-122, -116
-53, -121
-27, -158
-57, -108
-99, -87
-58, -63
-24, -144
-112, -121
-119, -90
-122, -120
7, -126
-64, -76
-111, -122
-28, -105
-40, -66
-126, -105
-102, -65
-33, -96
-33, -78
-40, -120
-127, -43
-46, -112
-74, -154
-77, -137
-28, -168
-81, -59
-88, -62
-85, -112
-150, -58
-2, -103
-79, -93
-63, -92
-13, -126
-56, -122
-41, -140
-76, -111
-72, -65
-50, -112
-89, -89
-86, -102
-47, -66
-33, -94
-65, -90
-91, -104
-102, -111
-51, -57
-89, -89
-101, -56
-85, -128
-85, -109
-96, -62
-84, -70
-105, -94
-100, -130
-33, -129
-81, -101
-90, -76
-67, -167
-90, -123
-57, -118
-92, -119
-127, -107
-45, -132
-142, -66
-75, -82
-68, -88
-61, -108
-50, -71
-75, -126
-88, -162
-57, -102
-92, -74
-92, -105
-52, -137
-90, -51
-81, -104
-56, -121
-146, -86
-94, -88
-73, -61
-76, -79
-44, -56
-90, -92
-74, -88
-103, -53
-89, -108
-48, -89
-13, -110
-65, -187
-48, -94
-110, -112
-110, -88
-38, -61
-85, -145
-83, -102
-99, -72
-81, -143
-60, -131
-71, -95
-74, -67
-127, -73
-62, -151
-79, -118
-80, -109
-98, -103
-122, -103
-87, -100
-66, -58
-99, -116
-148, -100
-56, -53
-64, -106
-90, -125
-124, -99
-72, -46
-55, -103
-20, -54
-55, -140
-83, -112
-38, -44
-112, -147
-92, -118
-46, -104
-79, -101
-93, -86
-117, -69
-126, -131
-93, -92
-73, -85
-90, -66
-53, -129
-90, -101
-131, -101
-106, -140
-65, -140
-70, -198
-107, -101
-104, -100
-93, -62
-96, -53
-89, -99
-112, -125
-96, -89
-89, -134
-41, -140
-69, -58
-97, -54
-99, -70
-76, -54
-46, -100
-140, -115
-91, -108
-98, -90
-62, -55
-81, -94
-110, -111
-69, -92
-73, -113
-68, -107
-1, -60
-81, -165
-121, -99
-94, -77
-59, -118
-75, -160
-89, -119
-66, -100
-75, -108
-121, -123
-64, -77
-66, -141
-93, -89
-28, -36
-110, -150
-146, -82
-99, -105
-78, -66
-114, -85
-57, -85
-107, -151
-90, -119
-77, -81
-106, -82
-93, -101
-63, -165
-56, -66
-98, -122
-131, -101
-141, -56
-38, -166
-48, -123
-128, -101
-103, -65
-58, -52
-114, -114
-73, -111
-84, -70
-84, -37
-51, -109
-38, -113
-88, -129
-103, -91
-63, -37
-96, -106
-50, -84
-79, -77
-98, -73
-22, -141
-74, -124
-63, -82
-37, -67
-90, -114
-56, -92
-86, -133
-107, -147
-111, -37
-81, -82
-140, -150
-92, -106
-87, -59
-96, -154
-48, -110
-32, -62
-57, -62
-108, -94
-82, -115
-96, -91
-53, -123
-107, -111
-113, -100
-82, -53
-60, -135
-88, -112
-76, -74
-94, -156
-84, -123
-105, -61
-99, -77
-80, -107
-101, -92
-117, -72
-76, -60
-79, -138
-111, -85
-47, -96
-107, -91
-96, -49
-69, -155
-137, -159
-61, -37
-6, -75
-102, -116
-83, -40
-127, -111
-174, -101
-64, -95
-26, -88
-91, -49
-40, -61
-96, -94
-85, -105
-122, -69
-55, -123
-60, -152
-76, -86
-84, -103
-69, -171
-56, -106
-102, -82
-29, -127
-104, -137
-97, -161
-106, -50
-86, -55
-81, -120
-66, -57
-24, -86
-77, -113
-48, -109
-118, -76
-114, -77
-27, -90
-74, -92
-26, -100
-82, -77
-86, -63
-107, -124
-59, -138
-28, -92
-27, -92
-60, -131
-38, -74
-39, -87
-142, -88
-65, -101
-149, -110
-91, -61
-58, -131
-127, -113
-25, -118
-94, -151
-63, -85
-67, -50
-74, -42
-94, -57
-40, -96
-105, -67
-111, -82
-8, -140
-102, -140
-115, -138
-139, -84
-30, -82
-84, -84
-129, -77
-76, -129
-77, -92
-92, -131
-61, -147
-71, -119
-90, -56
-52, -68
-31, -169
-64, -171
-73, -118
-77, -52
15, -160
-81, -124
-84, -101
-94, -125
-73, -144
-86, -127
-51, -74
-14, -124
-104, -61
-68, -58
-51, -62
-36, -92
-92, -118
-143, -102
-104, -112
-11, -101
-91, -105
-55, -44
-48, -86
-120, -104
-87, -82
-67, -76
-74, -122
-108, -42
-89, -61
-122, -135
-103, -84
-82, -135
-103, -76
-55, -117
-78, -87
-68, -67
-109, -56
-31, -149
-71, -126
-63, -97
-66, -159
-11, -76
-90, -113
-79, -103
-56, -143
-103, -148
-97, -62
-125, -86
-82, -104
-95, -98
-110, -113
-33, -109
-29, -187
-86, -96
-12, -41
-108, -18
-56, -85
-74, -168
-15, -92
-86, -122
-102, -94
-9, -114
-59, -166
-28, -113
-86, -97
-98, -114
-102, -77
-82, -99
-110, -85
-93, -96
-87, -112
-103, -68
-75, -77
-90, -53
-68, -39
-67, -67
-80, -112
-102, -79
-57, -86
-78, -71
-62, -179
-35, -105
-88, -39
-42, -94
-71, -93
-97, -114
-64, -109
-119, -90
-79, -158
-102, -101
-99, -96
-64, -112
-82, -62
-39, -122
-56, -117
-128, -160
-73, -147
-130, -101
-79, -80
-109, -133
-126, -75
-23, -118
-114, -124
-109, -77
-84, -67
-87, -108
-50, -111
-66, -143
-126, -108
-89, -71
-113, -114
-102, -115
-90, -85
-122, -55
-42, -129
-89, -110
-134, -45
-92, -98
-79, -145
-65, -75
-131, -80
-84, -103
-98, -168
-107, -114
-114, -85
-107, -61
-59, -112
-111, -137
-106, -54
-66, -144
-100, -153
-158, -101
-22, -128
-36, -159
-129, -113
-69, -111
-92, -172
-68, -147
-82, -57
-41, -127
-66, -131
-61, -118
-39, -134
-68, -64
-96, -114
-59, -97
-62, -133
-105, -135
-77, -92
-48, -129
-123, -79
-75, -122
-8, -106
-94, -99
-114, -100
-63, -62
-54, -139
-119, -174
-85, -84
-25, -96
-70, -126
-71, -123
-54, -119
-94, -52
-77, -100
-91, -116
-78, -33
-107, -75
-55, -91
-53, -115
-60, -128
-73, -108
-67, -126
-32, -115
-76, -85
-46, -91
-79, -105
-37, -94
-67, -147
-140, -93
-93, -115
-96, -134
-63, -95
-105, -112
-115, -97
-86, -97
-76, -61
-79, -25
-56, -61
-25, -28
-105, -16
-70, -113
-68, -115
-102, -76
-88, -83
-93, -77
-43, -68
-23, -120
-119, -111
13, -112
-19, -139
-78, -159
-58, -136
-103, -57
-89, -124
-69, -132
-46, -112
-116, -19
-73, -114
-58, -183
-120, -84
-106, -120
-74, -113
-87, -112
-90, -73
-82, -98
-140, -130
-112, -160
-89, -66
-66, -89
-100, -104
-93, -85
-4, -115
-97, -151
-8, -118
-53, -102
-74, -135
-57, -20
-34, -57
-45, -89
-121, -131
-71, -112
-80, -101
-52, -65
-98, -1
-65, -71
-90, -114
-103, -81
-77, -139
-52, -92
-85, -71
-57, -77
-18, -70
-111, -123
-41, -81
-56, -62
-33, -119
-4, -95
-32, -99
-134, -83
-96, -124
-90, -151
-93, -91
-4, -80
-52, -86
-45, -47
-82, -76
-121, -137
-52, -58
-60, -48
-57, -99
-54, -147
-88, -129
-89, -149
-74, -112
-51, -79
-123, -89
-74, -43
-97, -102
-50, -114
-81, -78
-83, -141
-88, -99
-94, -47
-60, -98
-98, -105
-82, -47
-63, -93
-7, -138
-99, -94
-57, -105
-106, -123
-95, -93
-122, -54
-44, -112
-132, -104
-96, -88
-49, -60
-60, -108
-62, -123
-36, -89
-17, -53
-134, -136
-66, -128
-69, -97
-91, -135
-154, -86
-101, -91
-96, -109
-34, -102
-99, -61
-104, -74
-76, -134
-112, -120
-53, -105
-62, -109
-138, -58
-94, -116
-97, -107
-52, -126
-144, -153
-50, -71
-76, -72
-102, -124
-60, -122
-121, -98
-92, -59
-92, -24
-63, -56
-100, -108
-66, -122
-98, -117
-110, -93
-58, -136
-114, -147
-128, -63
-70, -110
-130, -161
-93, -118
-61, -118
-42, -104
-89, -145
-88, -65
-80, -110
-99, -154
-93, -44
-66, -72
-109, -145
-100, -72
-114, -32
-89, -65
-71, -100
-102, -89
-81, -88
-96, -124
-100, -110
-37, -103
-71, -154
-108, -80
-71, -81
-137, -121
-52, -95
-98, -128
-49, -93
-115, -32
-80, -73
-38, -84
-40, -106
8, -86
-68, -69
-54, -41
-125, -67
-55, -111
-93, -82
-33, -97
-60, -145
-135, -135
-109, -83
-92, -83
-96, -120
-75, -69
-96, -93
-128, -117
-114, -117
-76, -123
-43, -108
-86, -90
-45, -89
-79, -126
-106, -101
-120, -88
-76, -63
-72, -156
-96, -87
-62, -104
-71, -142
-25, -83
-111, -105
-132, -116
-82, -129
-60, -57
-71, -102
-98, -75
-105, -78
-105, -90
-8, -110
-106, -103
-94, -69
-71, -132
2, -78
-68, -120
-104, -80
-4, -97
-101, -136
-150, -58
-85, -59
-26, -140
-89, -111
-71, -86
-89, -84
-64, -139
-94, -95
-71, -79
-105, -98
-122, -124
-132, -76
-86, -116
-45, -142
-91, -132
-18, -161
-89, -97
-74, -70
-114, -138
-111, -112
-73, -75
-71, -125
-38, -55
-94, -73
-50, -31
-82, -94
-71, -143
-34, -79
-82, -108
-89, -88
-104, -64
-30, -45
-46, -129
-93, -112
-60, -105
-144, -75
-55, -56
-37, -137
-93, -97
-9, -109
-80, -95
-97, -96
-93, -68
-54, -89
-93, -164
-75, -148
-37, -97
-60, -105
-109, -92
-52, -101
-77, -114
-119, -125
-39, -135
-69, -80
-12, -86
-100, -88
-46, -52
-58, -74
-93, -150
-40, -171
-49, -36
-77, -94
-81, -117
-88, -116
-173, -114
-54, -65
-50, -104
-101, -57
12, -91
-112, -89
-84, -87
-71, -173
-89, -107
-69, -51
-80, -99
-41, -79
-67, -122
-126, -114
-102, -136
-78, -181
-58, -126
-48, -113
-52, -198
-65, -169
-143, -85
-41, -128
-47, -70
-61, -87
-101, -86
-54, -99
-50, -115
-113, -122
-69, -110
-93, -118
-101, -46
-151, -87
-56, -90
-50, -57
-49, -86
-47, -86
-20, -93
-85, -51
-68, -87
-99, -96
-120, -80
-40, -67
-92, -84
-83, -139
-87, -107
-89, -74
-111, -106
-80, -101
-102, -120
-89, -133
-140, -81
-32, -77
-74, -115
-45, -126
-105, -116
-58, -65
-96, -83
-67, -139
-32, -78
-19, -86
-46, -107
-89, -153
-20, -141
-139, -56
-103, -112
-68, -122
-94, -198
-66, -138
-76, -79
-84, -80
-39, -100
-114, -140
-68, -104
-72, -134
-49, -137
-82, -139
-56, -166
-94, -105
-57, -145
-85, -108
-89, -86
-26, -114
-127, -157
-67, -98
-73, -59
-74, -111
-65, -129
-105, -97
-87, -106
-42, -96
-70, -105
-77, -135
-80, -109
-58, -103
-82, -47
-103, -87
-24, -114
-121, -72
-94, -97
-22, -88
-83, -138
-97, -119
-34, -72
-42, -146
-108, -100
-43, -135
-125, -119
-65, -126
-89, -120
-20, -65
-61, -101
-127, -96
-85, -132
-117, -100
-39, -79
-69, -95
-72, -69
-61, -73
-168, -131
-78, -92
-31, -69
-29, -88
-50, -108
-124, -37
-41, -135
-120, -150
-42, -40
-104, -81
-51, -78
-51, -86
-64, -35
-116, -83
-123, -80
14, -106
-76, -89
-55, -18
-106, -74
-166, -135
7, -83
-34, -111
-86, -86
-76, -56
-81, -91
-73, -87
-65, -137
-46, -44
-75, -43
-120, -102
-127, -77
10, -76
-54, -86
-105, -103
-71, -131
-83, -100
-91, -115
-113, -38
-115, -118
-75, -117
-133, -78
-122, -87
-116, -126
-92, -97
-79, -88
-74, -112
-80, -58
-95, -132
-72, -113
-121, -91
-123, -55
-88, -65
-121, -76
-111, -127
-63, -127
-56, -68
-58, -130
-97, -131
-45, -67
-47, -81
-104, -35
-63, -99
-130, -89
-27, -39
-88, -80
-112, -126
-55, -112
-65, -133
-27, -67
-75, -95
-40, -89
-153, -124
-145, -97
-101, -70
-85, -74
-96, -104
-68, -117
-72, -66
-77, -21
-70, -94
-56, -184
-71, -95
-77, -148
-50, -146
-49, -79
-92, -135
-78, -158
-77, -140
-112, -100
-117, -71
-58, -131
-62, -95
-89, -74
-29, -73
-66, -91
-70, -125
-70, -102
-124, -111
-117, -89
-56, -88
-84, -174
-133, -50
-28, -111
-55, -111
-105, -119
-92, -94
-78, -66
-90, -129
-156, -109
-67, -142
-52, -103
-10, -37
-3, -60
-46, -155
-72, -97
-116, -79
-34, -121
-76, -75
-95, -135
-63, -126
-103, -117
-98, -124
-77, -51
-69, -113
-66, -81
-100, -100
-81, -80
-47, -83
-60, -88
-64, -89
-23, -48
-71, -45
-113, -111
-95, -110
-94, -145
-127, -96
-60, -65
-45, -58
-73, -63
-108, -38
-53, -97
-62, -130
-105, -87
-30, -113
-87, -92
-87, -128
-148, -83
-39, -64
-56, -99
-92, -83
-64, -108
-47, -90
-89, -135
-59, -84
-31, -70
-59, -126
-81, -109
-75, -93
-40, -93
-61, -73
-64, -122
-96, -174
-53, -103
-80, -109
-93, -103
-88, -113
-98, -86
-58, -99
-76, -74
-45, -77
-80, -112
-103, -90
-98, -99
-91, -134
-90, -135
-82, -122
-65, -87
-141, -126
-76, -102
-65, -119
-99, -67
-111, -68
-58, -126
-144, -52
-111, -131
-70, -96
-91, -101
-90, -163
-69, -127
-73, -77
-70, -123
-97, -136
-71, -124
-54, -179
-118, -144
-79, -75
-60, -76
-71, -101
-115, -139
-39, -106
-91, -117
-127, -97
-71, -143
-80, -66
-94, -47
-38, -87
-68, -140
-87, -139
-18, -66
-63, -140
-61, -85
-17, -98
-91, -134
-114, -61
-55, -111
-106, -127
-135, -129
-68, -100
-35, -109
-33, -66
-75, -128
-87, -123
-86, -41
-122, -52
-68, -98
-80, -83
-15, -90
-70, -108
-122, -46
-77, -106
-25, -110
-86, -85
-127, -60
-55, -157
-68, -117
-63, -159
-147, -91
-50, -41
-35, -130
-86, -85
-28, -50
-107, -123
-114, -116
-68, -87
-63, -127
-26, -53
-107, -124
-93, -144
-17, -118
-48, -126
-80, -61
-69, -89
-68, -130
-69, -113
-31, -83
-83, -131
-115, -144
-94, -66
-84, -87
-108, -110
-58, -134
-71, -115
-84, -98
-82, -125
-103, -72
-38, -83
-124, -140
-122, -130
-72, -110
-52, -147
-48, -148
-113, -105
-58, -105
-30, -122
-51, -97
-117, -111
-114, -82
-61, -96
-74, -106
-86, -61
-46, -128
-83, -139
-109, -78
-84, -64
-25, -67
-45, -119
-138, -83
-126, -81
-53, -140
-26, -114
-116, -90
-87, -66
-67, -66
-33, -100
-55, -94
-76, -77
-87, -129
-80, -103
-69, -74
-69, -91
-89, -133
-116, -110
-69, -99
-54, -113
-63, -68
-130, -112
-104, -186
-95, -128
-84, -57
-71, -89
-69, -138
-109, -124
-93, -121
-100, -103
-92, -110
-40, -62
-87, -68
-146, -28
-76, -76
-49, -178
-81, -83
-61, -129
-58, -152
-89, -157
-62, -133
-69, -98
-165, -137
-114, -126
-62, -60
-88, -95
-112, -117
-81, -86
-53, -96
-78, -162
-51, -127
-116, -82
-70, -109
-27, -94
-114, -83
-82, -90
-84, -87
-72, -68
-16, -93
-107, -66
-103, -46
-29, -56
-71, -107
-85, -141
-104, -84
-93, -100
-91, -104
-103, -26
-76, -90
-101, -104
-52, -90
-31, -94
-83, -124
-89, -39
-71, -59
-82, -65
-80, -136
-127, -89
-97, -87
-72, -135
-49, -82
-94, -77
-151, -109
-55, -81
-26, -82
-54, -122
-109, -33
-66, -141
-52, -69
-15, -113
-35, -104
-50, -83
-92, -94
-78, -93
-67, -79
-101, -77
-85, -106
-62, -108
-53, -104
-44, -100
-86, -69
-107, -60
-73, -86
-43, -97
-35, -131
-57, -102
-116, -120
-72, -45
-3, -86
-52, -136
-72, -92
-63, -93
-74, -4
-120, -37
-108, -149
-82, -88
-121, -31
-98, -79
-100, -134
-111, -111
-89, -98
-38, -117
-92, -53
-34, -30
-65, -90
-53, -84
-130, -58
-96, -104
-69, -71
-130, -68
-94, -70
-157, -75
-80, -139
-103, -87
-106, -87
-57, -151
-108, -121
-26, -79
-49, -67
-81, -101
-71, -32
-58, -75
-69, -111
-107, -91
-33, -85
-68, -52
-31, -136
-120, -90
-105, -61
-16, -54
-54, -95
-52, -141
-38, -99
-71, -71
-61, -133
-44, -130
-136, -82
-44, -84
-121, -120
-131, -133
-68, -100
-115, -38
-99, -55
-124, -119
-137, -82
-61, -98
-58, -109
-46, -72
-77, -98
-72, -91
-19, -125
-92, -76
-93, -95
-96, -151
-61, -144
-47, -172
-62, -79
-142, -129
-81, -89
-61, -116
-72, -120
-16, -117
-85, -138
-40, -56
-22, -96
-108, -89
-55, -99
-108, -136
-88, -145
-42, -113
-70, -91
-47, -68
-70, -78
-78, -99
-54, -72
5, -122
-34, -101
-81, -84
-42, -126
-76, -115
-70, -77
-46, -131
-75, -87
-99, -125
-60, -108
-11, -74
-75, -157
-16, -74
-26, -146
-126, -112
-66, -53
-102, -38
-30, -81
-56, -124
-113, -73
-78, -120
-40, -127
-61, -139
-120, -91
-56, -108
-60, -79
-88, -143
-79, -186
-60, -89
-30, -74
-91, -56
-114, -72
-81, -129
-78, -121
-58, -21
-66, -148
-154, -96
-40, -72
-1, -105
-133, -86
-20, -94
-82, -112
-89, -123
-62, -81
-32, -75
-67, -131
-80, -163
-48, -129
-128, -137
-91, -134
-77, -14
-9, -125
-66, -138
-109, -75
-93, -131
-93, -88
-52, -90
-52, -142
-67, -112
-22, -72
1, -106
-100, -99
-92, -84
-65, -52
-46, -131
-47, -76
-108, -154
-72, -168
-111, -93
-126, -43
-38, -122
-38, -49
-58, -103
-26, -137
-91, -94
-100, -131
-33, -83
-96, -151
-85, -87
-75, -99
-41, -118
-57, -78
-110, -58
-104, -52
-34, -89
-55, -120
-65, -127
-34, -131
-110, -125
-68, -111
-24, -108
-78, -124
-80, -128
-83, -106
-71, -102
-113, -102
-107, -67
-86, -85
-98, -78
-113, -90
-96, -140
-28, -144
-80, -73
-76, -128
-78, -115
-123, -105
-83, -123
-39, -69
-88, -83
-92, -54
-114, -100
-64, -104
-95, -127
-120, -109
-63, -152
-43, -120
-72, -144
-69, -118
-82, -71
-70, -135
-53, -83
-69, -108
-50, -185
-119, -70
-82, -59
-30, -127
-94, -86
-42, -136
-70, -106
-52, -83
-23, -95
-134, -116
-95, -109
-83, -139
-28, -77
-108, -90
-114, -92
-103, -140
-88, -121
-32, -99
-86, -59
-79, -84
-84, -53
-81, -92
-105, -136
-56, -123
10, -121
-69, -106
-34, -90
-83, -72
-107, -106
-158, -56
-78, -94
-37, -86
-142, -127
-75, -126
-55, -94
-58, -116
-32, -119
-55, -116
-67, -189
-66, -158
-76, -78
-114, -94
-135, -140
-79, -55
-43, -103
-49, -112
-99, -80
-66, -106
-97, -111
-72, -120
-3, -100
-45, -147
-80, -108
22, -105
-131, -101
-119, -85
-50, -112
-92, -133
-64, -117
-89, -137
-82, -83
-86, -85
-42, -164
-75, -100
-34, -118
-40, -143
-69, -88
-99, -43
-116, -116
-75, -78
-63, -102
-32, -139
-52, -51
-70, -99
-97, -150
-69, -127
-59, -86
-90, -132
-71, -87
-27, -83
-122, -136
-76, -67
-44, -109
-83, -95
-36, -153
-94, -90
-68, -37
-91, -32
-66, -45
-52, -112
-79, -102
-108, -109
-166, -83
-98, -100
-96, -75
-101, -66
-55, -91
-75, -83
-81, -56
-26, -108
-28, -132
-112, -146
-63, -103
-67, -168
-37, -131
-103, -102
-157, -69
-74, -124
-155, -119
-52, -99
-95, -136
-96, -101
-37, -50
-37, -71
-88, -162
-114, -116
-117, -148
-73, -80
-30, -90
-24, -130
-75, -86
-138, -80
-55, -82
-80, -107
-102, -120
-30, -78
1, -130
-62, -81
-22, -71
-78, -81
-71, -85
-122, -122
-104, -80
-7, -96
-155, -121
-95, -92
-24, -70
-101, -166
-44, -134
-89, -111
-79, -102
-49, -128
-43, -93
-97, -138
-85, -142
-3, -58
-90, -77
-59, -95
-57, -72
-66, -52
-75, -94
-74, -87
-56, -63
-85, -98
-39, -134
-32, -142
-102, -140
-45, -73
-15, -75
-100, -107
-62, -112
-78, -70
-102, -122
-49, -124
-50, -101
-91, -99
-87, -69
-81, -115
-63, -153
-90, -22
-94, -95
-20, -95
-48, -75
-107, -67
-36, -36
-57, -106
-83, -66
-29, -92
-65, -82
-42, -115
-52, -41
-55, -66
-95, -110
-75, -98
-8, -45
-134, -141
-69, -94
-66, -42
-102, -134
-133, -131
-7, -126
-26, -140
-77, -110
-35, -87
-92, -134
-61, -99
-54, -144
-41, -91
-56, -69
-97, -92
-121, -89
-63, -88
-69, -114
-59, -119
-85, -82
-54, -80
-31, -127
-61, -89
-64, -99
-26, -99
-46, -70
-82, -84
-5, -130
-91, -140
-83, -106
-40, -135
-102, -109
-21, -53
-45, -70
-86, -96
-101, -106
-134, -107
-145, -111
-64, -87
-20, -97
-150, -138
-126, -67
-82, -137
-123, -79
-35, -103
-64, -113
-41, -52
-115, -72
-100, -136
-66, -103
-68, -96
-64, -112
-26, -84
-27, -130
-50, -69
-98, -58
-61, -126
-40, -133
-107, -54
-40, -96
-35, -85
-45, -116
-100, -105
-87, -117
-100, -104
-29, -80
-106, -106
-78, -106
-70, -89
-72, -144
-63, -109
-51, -65
-67, -167
-104, -131
-15, -118
-74, -77
-120, -152
-15, -185
-33, -158
-47, -95
-33, -141
-73, -114
-54, -53
-103, -94
-34, -96
-57, -102
-75, -131
-70, -110
-130, -124
-66, -108
-42, -138
-85, -134
-49, -36
-38, -77
-88, -51
-110, -83
-50, -76
-67, -74
-40, -95
-58, -88
-112, -88
-40, -117
-76, -69
-97, -101
-52, -69
-52, -69
-79, -115
-126, -118
-74, -91
-58, -83
-64, -89
-70, -97
-82, -115
-54, -78
-49, -92
-179, -107
-102, -38
-70, -105
-55, -82
-56, -37
-63, -116
-68, -93
-99, -89
-69, -47
-89, -96
-41, -102
-80, -54
-59, -54
-112, -150
-52, -132
-17, -115
-88, -139
-103, -39
-29, -68
-44, -84
-109, -77
-62, -132
-82, -127
-34, -103
-72, -130
-104, -67
-73, -88
-97, -86
-87, -129
-64, -152
-61, -66
-99, -108
-71, -137
-70, -95
-78, -120
-97, -143
-66, -121
-63, -143
-52, -79
-24, -107
-101, -85
-112, -105
-82, -64
-48, -101
-138, -126
-94, -90
-44, -124
-96, -136
-72, -166
-32, -75
-15, -90
-57, -100
-110, -131
-78, -80
-45, -101
-78, -96
-79, -62
-27, -125
-118, -67
-82, -113
-64, -107
-72, -82
-15, -135
-83, -68
-57, -84
-59, -81
-30, -58
-106, -77
-110, -110
-49, -92
-56, -114
-84, -118
-78, -111
-81, -134
-79, -88
-15, -80
-79, -97
-109, -102
-137, -60
-96, -41
-42, -99
-115, -86
-118, -94
-105, -62
-38, -78
-75, -145
-107, -54
-18, -94
-73, -134
-33, -136
-30, -101
-111, -19
-68, -93
-62, -106
-123, -88
6, -62
-45, -137
-60, -120
-90, -36
-38, -115
-91, -136
-97, -95
-13, -49
-75, -75
-143, -81
-65, -60
-47, -91
-123, -76
-87, -95
-143, -117
-57, -118
-105, -130
-60, -114
-116, -90
-115, -93
-87, -88
-75, -53
-54, -80
-81, -161
-107, -131
-19, -60
-60, -95
-54, -35
-18, -80
-79, -117
-65, -13
-59, -47
-132, -80
-22, -27
-47, -116
-77, -108
-95, -124
-134, -115
0, -56
-74, -135
-72, -81
-107, -47
-50, -85
-3, -97
-123, -93
-101, -125
-51, -141
-75, -92
-119, -81
-43, -94
-54, -82
-71, -104
-20, -87
-119, -38
-3, -50
-46, -117
-111, -71
-40, -138
-136, -151
-92, -135
-105, -135
-52, -37
2, -138
-157, -110
-7, -123
-99, -122
-117, -49
-59, -90
-69, -86
-42, -87
-100, -82
-81, -97
-102, -87
-38, -67
-44, -78
-45, -85
-83, -82
-55, -137
-69, -110
-57, -100
-60, -138
-119, -105
-66, -32
-60, -58
-53, -106
-100, -125
-120, -70
-71, -59
-44, -126
-129, -73
-102, -119
-49, -116
-102, -117
-82, -90
-63, -85
-68, -80
-90, -105
-121, -115
-37, -103
-53, -99
-104, -64
-58, -133
-102, -105
-96, -64
-103, -122
-115, -129
-71, -82
-16, -63
-61, -62
-90, -94
-104, -99
-41, -75
-22, -98
-70, -78
-134, -106
-85, -65
-15, -61
-122, -85
-81, -116
-75, -101
-33, -119
-63, -103
-117, -26
-33, -154
-68, -72
-39, -64
-88, -94
-74, -48
-87, -84
-83, -47
-7, -98
-60, -104
-51, -73
-51, -131
13, -71
-96, -100
-132, -88
-95, -34
-47, -134
-38, -195
-70, -81
-92, -102
-74, -123
-83, -154
-95, -126
-39, -61
-61, -105
-40, -34
-71, -71
-78, -74
-78, -91
-87, -125
-77, -90
-38, -81
-56, -121
-130, -62
-72, -98
-66, -149
-82, -114
-22, -103
-96, -62
-121, -108
-76, -113
-83, -85
-130, -121
-48, -71
-101, -19
-123, -46
-85, -151
-51, -173
-74, -106
-92, -108
-62, -58
-32, -93
-70, -94
-50, -95
-26, -106
-73, -136
-69, -147
-88, -103
-55, -110
-71, -71
-38, -99
-53, -110
-75, -75
-50, -95
-34, -98
-47, -59
-55, -116
-104, -102
-60, -101
-58, -107
-135, -122
-80, -112
-76, -85
-52, -106
-62, -86
-94, -113
-66, -117
-26, -76
13, -96
-122, -138
-86, -82
-82, -137
-101, -87
-61, -99
-67, -137
-3, -61
-18, -53
-88, -112
-32, -138
-31, -112
-96, -114
-78, -94
-104, -83
-52, -63
-49, -137
-73, -122
-95, -165
-54, -67
-114, -53
-46, -67
-36, -111
-121, -129
-28, -4
-72, -143
-40, -159
-95, -65
-80, -84
-76, -124
-105, -124
-67, -93
-89, -100
-111, -85
-71, -74
-91, -5
-86, -68
-64, -77
-61, -130
-28, -145
-43, -95
-79, -87
-73, -31
-77, -112
-72, -81
3, -108
-92, -89
-65, -27
-102, -127
-85, -72
-47, -56
-65, -88
-62, -150
-84, -67
-70, -98
-86, -65
-9, -102
-84, -156
-57, 2
-70, -59
-64, -81
-67, -100
-74, -81
-58, -95
-86, -111
-49, -86
-91, -76
-9, -63
-37, -99
-83, -164
-77, -96
-52, -98
-65, -72
-21, -94
-131, -88
-89, -45
-71, -132
-111, -76
-89, -86
-4, -118
0, -68
-53, -117
-50, -111
-82, -129
-80, -75
-63, -74
-27, -129
-65, -108
-83, -75
-45, -115
-74, -149
-94, -129
-39, -100
-96, -50
-60, -89
-91, -115
-81, -99
-29, -88
-53, -113
-5, -93
-47, -136
-61, -82
-32, -82
-104, -144
-81, -44
-107, -48
-20, -81
-91, -124
-81, -119
-60, -135
-80, -142
-15, -100
-72, -122
-30, -97
-111, -131
-96, -139
-53, -124
-60, -117
-81, -69
-19, -84
-71, -94
-89, -81
-86, -81
-50, -51
-35, -56
-43, -105
-68, -16
-41, -74
-30, -143
-75, -94
-85, -76
-55, -109
-63, -86
-137, -106
-75, -100
-102, -125
-122, -149
-128, -103
-57, -85
-134, -136
-96, -92
-43, -82
-74, -139
-35, -116
-75, -148
-96, -126
-75, -78
-37, -79
-69, -116
-143, -109
-68, -88
-59, -101
-62, -73
-76, -47
-56, -129
-57, -116
-34, -126
-71, -125
-104, -58
-84, -34
-26, -43
-25, -62
-64, -141
-89, -111
-114, -130
-107, -110
-124, -63
-80, -55
-123, -74
-106, -65
-63, -155
-70, -123
-49, -114
-53, -81
-77, -95
-55, -135
-93, -80
-107, -139
-87, -108
-83, -112
-84, -124
-126, -139
-105, -98
-99, -101
-72, -101
-117, -129
-104, -37
-108, -68
-93, -125
-62, -82
-76, -66
-35, -128
-86, -95
-41, -79
-60, -117
-105, -101
-28, -113
-122, -113
-69, -101
-129, -101
-41, -103
-67, -34
-97, -109
-54, -170
-145, -137
-61, -110
-84, -153
-102, -107
-115, -93
-60, -103
-45, -47
-95, -98
-86, -67
-54, -79
-97, -98
-59, -75
-54, -119
-71, -121
-95, -98
-70, -104
-104, -92
-100, -135
-95, -123
-76, -108
-96, -45
-28, -52
-76, -153
-72, -110
-64, -126
-108, -95
-86, -71
-84, -175
-116, -140
-59, -47
-43, 19
-104, -96
-134, -104
-74, -106
-87, -61
-92, -61
-59, -109
-138, -128
-63, -105
-92, -92
-91, -116
-31, -105
-57, -120
-22, -83
-66, -144
-108, -101
-44, -67
-66, -45
-47, -136
-24, -137
-110, -124
-50, -134
-25, -110
-56, -119
-32, -85
-69, -76
-123, -85
-104, -88
-95, -72
-64, -127
-48, -89
-118, -75
-24, -78
-46, -38
-71, -132
-118, -98
-75, -78
-89, -97
-102, -75
-68, -110
-110, -91
-70, -62
-63, -106
-81, -90
-44, -84
-105, -93
-85, -81
-15, -147
-61, -152
-53, -105
-102, -93
-110, -110
-60, -29
-146, -40
-80, -109
-31, -105
-61, -71
-77, -128
-130, -104
-73, -69
-92, -123
-118, -107
-115, -63
-96, -63
-106, -159
-107, -79
-18, -85
-69, -126
-101, -96
-14, -89
-105, -91
-46, -63
-67, -78
-80, -110
-26, -65
-69, -86
-42, -121
-84, -94
-130, -104
-111, -52
-90, -31
-52, -138
-77, -105
-91, -72
4, -94
-98, -70
-100, -109
-6, -100
-28, -133
-56, -104
-27, -50
-41, -35
-96, -65
-28, -82
-120, -137
-73, -105
-53, -58
-117, -27
-31, -61
-47, -144
-58, -99
-62, -79
-6, -123
-13, -139
-131, -54
-70, -157
-62, -98
-112, -94
-111, -95
-101, -85
-51, -72
-83, -90
-113, -69
-74, -114
-46, -107
-103, -49
-18, -64
-52, -109
-125, -73
-73, -45
-131, -116
-93, -57
-50, -82
-75, -154
-72, -122
-104, -139
-91, -87
-68, -67
-75, -86
-14, -71
-85, -58
-77, -73
-53, -81
-109, -77
-54, -63
-72, -94
-98, -131
-76, -59
-102, -64
-129, -17
-56, -71
-56, -61
-53, -103
-29, -99
-38, -68
-114, -72
-106, -77
-66, -115
-101, -77
-109, -70
-92, -59
-82, -95
-51, -82
-95, -77
-138, -80
-32, -27
-102, -113
-92, -84
-63, -96
-119, -91
-118, -91
-77, -123
-41, -114
-108, -104
-82, -94
-86, -95
-105, -61
-130, -72
-108, -130
-100, -95
-66, -123
-70, -129
-119, -78
-77, -101
-32, -116
-16, -120
-62, -74
-101, -56
-79, -94
-102, -91
-103, -76
-74, -133
-54, -59
-17, -124
-99, -87
-51, -88
-37, -141
-63, -103
-74, -73
-20, -78
-54, -133
-72, -75
-87, -118
-103, -45
-79, -96
-110, -140
-35, -70
-151, -76
-115, -107
-43, -95
-29, -83
-63, -97
-8, -76
-67, -77
-178, -6
-99, -83
-143, -101
-64, -78
-98, -150
-26, -92
-23, -48
-95, -101
-57, -48
13, -96
-116, -102
-115, 19
-62, -98
-48, -54
-59, -84
-113, -203
-70, -103
-100, -94
-46, -115
-102, -91
-58, -79
-92, -83
-76, -83
-16, -89
-76, -73
-88, -73
-32, -92
-12, -101
-37, -120
-89, -127
-81, -122
-97, -79
-115, -114
-49, -58
-84, -78
-84, -154
-19, -22
-64, -99
-83, -105
-90, -120
-27, -110
-51, -73
-77, -112
-108, -31
-93, -67
-55, -77
-7, -62
-121, -125
-49, -115
-53, -111
-66, -81
-27, -114
-45, -50
-61, -75
-139, -122
-67, -37
-135, -77
-25, -78
-61, -84
-77, -104
-137, -149
-46, -120
-113, -145
-69, -66
-75, -67
-69, -108
-54, -45
-74, -103
-88, -123
-71, -122
-31, -114
-94, -104
-46, -90
-92, -80
-106, -61
-123, -141
-78, -120
-119, -117
-77, -140
-34, -55
-40, -148
-98, -142
-88, -119
-62, -84
-67, -57
-109, -61
-69, -45
-41, -75
-28, -144
-53, -101
-29, -37
-73, -35
-120, -23
-76, -60
-13, -139
-109, -94
-103, -109
-20, -74
-37, -80
-72, -131
-80, -76
-69, -125
-22, -59
-50, -87
-69, -84
-11, -79
-77, -152
-139, -134
-160, -88
-115, -82
-64, -97
-51, -69
-103, -74
-47, -114
-89, -104
-55, -124
-51, -116
-80, -115
-96, -65
-135, -98
4, -128
-61, -81
-58, -112
-88, -118
-78, -39
-10, -44
-65, -103
-81, -94
-90, -53
-81, -28
-107, -61
-90, -103
-72, -39
-36, -108
-103, -154
-57, -32
-61, -76
-65, -90
-60, -90
-50, -62
-77, -43
-56, -123
-29, -150
-115, -111
-27, -106
-109, -100
-142, -41
-108, -124
-110, -118
-101, -86
-20, -96
-67, -60
-101, -76
-84, -80
-153, -132
-53, -104
-45, -51
-20, -77
-103, -110
-18, -77
-15, -121
-66, -69
-68, -90
-117, -97
-10, -64
-72, -144
-104, -124
-117, -111
-100, -122
-82, -103
-71, -108
-44, -75
-43, -93
-68, -113
-76, -106
-118, -155
-66, -145
1, -83
-53, -43
-82, -72
-82, -114
-48, -99
-56, -109
-50, -126
-113, -132
-83, -63
-34, -98
-103, -144
-74, -110
-90, -138
-76, -81
-28, -122
-27, -65
-115, -100
-39, -101
-69, -111
-118, -114
-49, -90
-86, -129
-53, -107
-63, -87
-86, -145
-41, -139
-69, -77
-38, -112
-74, -108
-73, -153
-31, -64
-100, -38
-76, -116
-76, -130
-33, -83
-98, -131
-95, -93
-108, -75
-93, -78
-97, -61
-104, -112
-67, -73
-106, -49
-75, -43
-98, -127
-81, -139
-74, -78
-44, -91
-39, -73
-104, -85
-61, -94
-75, -73
-99, -94
-94, -119
-58, -59
-28, -105
-136, -56
-100, -64
-67, -126
-55, -128
-41, -49
-76, -40
-106, -85
-59, -123
-95, -82
-141, -93
-46, -118
-42, -32
-46, -108
-110, -105
-133, -106
-69, -69
-19, -63
-53, -104
-118, -74
-130, -100
-73, -138
-94, -148
-50, -94
-78, -147
-125, -119
-19, -76
-67, -106
-127, -86
-43, -123
-67, -88
-73, -80
-1, -136
-42, -123
-151, -53
-109, -130
-77, -98
-111, -59
-63, -29
-78, -93
-13, -87
-46, -126
-61, -135
5, -123
-60, -126
-87, -94
-18, -123
-112, -36
-110, -75
-41, -94
-117, -95
-65, -86
-99, -65
-76, -65
-99, -65
-108, -96
-88, -89
-67, -82
-60, -152
-25, -149
-60, -79
-65, -128
-37, -107
-120, -71
-83, -82
-88, -60
-88, -58
-97, -59
-94, -122
-115, -80
-58, -41
-53, -141
-102, -69
-94, -63
-81, -120
-101, -110
-47, -108
-58, -148
-122, -103
-84, -75
-104, -88
-123, -32
-58, -94
-78, -81
-128, -34
-102, -79
-93, -66
-71, -114
-71, -114
-72, -116
-61, -122
-47, -91
13, -119
-47, -134
-82, -58
-95, -61
-58, -47
-17, -66
-93, -90
-59, -124
-101, -92
-84, -55
-62, -108
-80, -92
-59, -144
-95, -141
-94, -127
-81, -10
-80, -125
-85, -131
-87, -80
-80, -124
-40, -175
-115, -131
-72, -87
-27, -61
-24, -120
-59, -103
-47, -72
-29, -119
-110, -86
-79, -68
-100, -49
-132, -91
-78, -83
-65, -117
-135, -84
-130, -75
-136, -58
26, -125
-64, -159
-80, -103
-57, -117
-72, -142
-65, -145
-64, -127
-33, -92
-47, -97
-70, -99
-68, -112
-51, -100
-46, -74
-4, -120
-91, -100
-59, -67
-57, -64
-59, -97
-40, -59
-86, -80
-99, -115
-53, -121
-53, -152
-102, -117
-135, -127
-61, -66
-39, -114
-80, -144
-78, -57
-65, -92
-29, -65
-74, -23
-73, -50
-71, -100
-77, -155
-48, -99
-28, -91
-76, -73
-107, -105
-40, -61
-64, -99
-111, -117
-112, -70
-109, -65
-64, -74
-77, -80
-59, -113
-75, -80
-82, -56
-60, -130
-28, -64
-47, -46
-69, -78
-59, -60
-75, -104
-106, -31
-83, -61
-154, -132
-104, -78
-46, -147
-109, -117
-33, -111
-21, -122
-2, -98
-111, -128
-118, -141
-38, -71
-70, -107
-75, -92
-79, -133
-113, -74
-33, -116
-45, -129
-63, -92
-81, -106
-59, -149
-48, -145
-77, -120
-101, -112
-56, -79
-30, -104
-26, -101
-131, -101
-69, -45
-54, -98
-92, -112
-106, -123
-95, -95
-27, -87
-102, -173
-87, -108
-44, -98
-66, -108
-88, -31
-52, -112
-112, -65
-59, -49
-88, -57
-15, -84
-48, -105
-83, -113
-94, -128
-80, -120
-49, -58
-50, -40
-135, -84
-169, -140
-40, -80
-43, -10
-49, -91
-70, -163
-115, -71
-63, -20
-109, -112
-68, -61
-27, -71
-55, -44
-102, -80
-72, -132
-50, -173
-97, -77
-26, -45
-82, -110
-88, -103
-98, -147
-56, -47
-72, -109
0, -76
-70, -91
-42, -125
-76, -108
-56, -94
-2, -114
-93, -112
-29, -132
-42, -121
-84, -76
-106, -125
-80, -95
-28, -94
-67, -122
-88, -93
-43, -69
-19, -61
-79, -91
-65, -102
-47, -55
-38, -123
-68, -149
-85, -87
-83, -86
-151, -73
-68, -98
-82, -158
-109, -74
-98, -118
-52, -43
-47, -109
-87, -130
-94, -73
-61, -80
-59, -37
-88, -58
-143, -61
-121, -94
-98, -99
-85, -121
-19, -108
-65, -49
-62, -51
-56, -120
-91, -37
-92, -89
-76, -92
-68, -66
-45, -149
-98, -114
-118, -108
-77, -48
-94, -71
-95, -55
-98, -53
-72, -28
-102, -98
-82, -101
-92, -93
-35, -159
-62, -121
-91, -58
-27, -35
-90, -97
-103, -123
-94, -86
-111, -86
-79, -45
15, -55
-50, -82
-80, -71
-74, -77
-41, -133
-38, -104
-44, -108
-86, -94
-78, -44
-66, -137
-8, -111
-21, -137
-122, -43
-89, -101
-79, -92
-32, -118
-119, -164
-95, -102
-62, -52
-72, -124
-74, -116
-83, -54
-117, -117
-69, -147
-93, -90
-92, -74
-56, -74
-111, -89
-85, -107
-96, -63
-106, -92
-113, -86
-11, -92
-30, -44
-58, -74
-94, -54
-79, -52
-60, -112
-122, -76
-38, -40
-61, -93
-72, -78
-121, -125
-81, -86
-82, -91
-113, -92
-51, -104
-44, -117
-98, -112
-91, -114
-89, -68
-70, -154
-71, -55
8, -48
-114, -99
-79, -105
-63, -121
-120, -60
-49, -92
-35, -96
-37, -89
-129, -88
-84, -139
-100, -129
-19, -59
-54, -69
-107, -145
-115, -73
-58, -80
-97, -98
-90, -97
-77, -95
-52, -146
-101, -117
-43, -126
-49, -159
-87, -40
-65, -118
-59, -54
-24, -101
-112, -115
-83, -128
-126, -102
-54, -96
-73, -81
-79, -64
-44, -77
-91, -101
-50, -57
-55, -40
2, -82
-52, -78
-53, -94
-85, -80
-70, -150
-36, -103
-111, -168
-78, -71
-53, -45
-45, -69
-52, -79
-97, -146
-116, -88
-47, -119
-44, -107
-34, -82
-79, -69
-75, -119
-119, -117
-68, -102
-112, -93
-94, -61
-54, -74
-88, -99
-47, -33
6, -77
24, -142
-111, -120
-42, -48
-76, -78
-57, -90
-72, -84
-95, -84
-121, -100
-91, -128
-89, -55
-94, -58
-27, -132
-49, -103
-43, -107
-82, -168
-5, -91
-57, -94
-84, -99
-2, -138
-62, -136
-85, -113
-88, -71
-56, -126
-80, -96
-44, -109
-96, -58
-115, -89
-47, -166
-16, -37
-37, -152
-68, -60
-56, -89
-73, -118
-58, -141
-112, -138
-133, -36
-37, -103
-103, -85
-70, -68
-19, -143
-59, -143
-45, -165
-70, -85
-90, -22
-57, -87
-108, -106
-116, -97
-72, -95
-54, -86
-48, -91
-121, -80
-96, -70
-44, -63
-55, -110
-79, -85
-60, -27
-64, -97
-46, -93
-73, -74
-59, -42
-108, -106
-64, -76
7, -67
-38, -74
-103, -53
-34, -123
-63, -67
-30, -51
-70, -100
-114, -65
-48, -82
-99, -118
-114, -76
-68, -58
-22, -137
-87, -114
-78, -18
-67, -43
-98, -117
-63, -58
-49, -155
-91, -113
-40, -31
-39, -100
-144, -80
-31, -75
-57, -97
-39, -113
-85, -42
-106, -48
-52, -81
-64, -95
-79, -112
-50, -87
-56, -97
-128, -93
-70, -86
-157, -137
-124, -123
-91, -66
-115, -89
-103, -73
-44, -49
-112, -122
-99, -96
-92, -77
-85, -75
-70, -109
-52, -73
-71, -48
-67, -77
-31, -61
-89, -126
-84, -134
-59, -152
-64, -132
-94, -50
-56, -81
-69, -172
-29, -101
-100, -124
-113, -128
-58, -9
-56, -78
-95, -118
-125, -96
-65, -70
-70, -80
-43, -119
-43, -105
-102, -118
-62, -88
-32, -80
-89, -99
-109, -101
-69, -98
-90, -137
-74, -55
-52, -56
-103, -65
-41, -94
-21, -106
-23, -113
-49, -101
-72, -82
-74, -69
-94, -144
-95, -129
-32, -71
-85, -102
-57, -107
-81, -120
-106, -34
-109, -84
-8, -111
-35, -134
-147, -93
-86, -49
-100, -76
1, -97
-94, -80
-98, -61
-67, -99
-79, -77
-83, -86
-64, -132
-80, -107
-87, -61
-28, -58
-100, -94
-74, -91
-69, -136
-22, -109
-82, -101
-128, -81
-66, -73
-100, -81
-75, -78
-60, -99
-57, -82
-84, -104
-59, -129
-101, -41
-95, -60
-84, -86
-8, -59
-5, -172
-55, -88
-42, -49
-74, -138
-72, -120
-92, -119
-63, -87
-90, -65
-49, -85
-64, -59
-100, -104
-71, -111
-58, -80
-59, -104
-33, -96
-82, -105
-167, -60
-36, -109
-62, -138
-22, -95
-60, -125
-53, -99
-33, -48
-79, -87
-84, -111
-98, -61
-62, -119
-32, -88
-16, -61
-88, -83
-52, -65
-87, -119
-81, -53
-33, -94
-40, -62
-29, -80
-77, -64
-33, -55
-26, -92
-72, -103
-102, -153
-61, -51
-100, -133
-149, -107
-60, -126
-93, -67
-23, -27
-70, -74
-107, -74
-60, -147
-27, -121
-45, -117
-113, -116
-44, -52
-57, -66
-10, -77
-64, -80
-81, -139
-80, -113
-37, -46
-88, -55
-84, -72
-21, -86
-54, -92
-60, -24
-61, -42
-52, -104
-86, -97
-14, -57
-76, -47
-64, -116
-47, -111
-63, -105
-92, -108
-59, -139
-71, -118
-65, -62
-57, -119
-78, -133
-115, -78
-106, -78
-94, -66
-18, -141
-90, -51
-39, -97
-63, -126
-78, -57
-50, -140
-143, -104
-51, -102
-73, 3
-56, -104
-98, -128
-73, -116
-58, -112
-111, -74
-156, -61
-51, -86
-44, -91
-94, -74
-142, -100
-79, -51
-86, -55
-36, -56
-85, -114
-95, -99
-32, -97
-90, -67
-53, -76
-68, -124
-54, -44
-102, -106
-95, -132
-75, -93
-75, -121
-107, -59
-113, -45
-100, -93
-90, -87
-67, -99
-36, -91
-39, -79
-49, -97
-131, -138
-112, -72
-106, -52
-83, -83
-51, -147
-58, -82
-35, -124
-60, -126
-90, -95
-150, -187
-105, -125
-57, -101
-96, -91
-121, -33
-61, -67
11, -95
-55, -52
-150, -28
-115, -82
-50, -130
-36, -32
-103, -108
-76, -78
-75, -61
-29, -101
-49, -94
-99, -60
-68, -115
-69, -124
-71, -75
-67, -28
-100, 2
-93, -16
-39, -123
-66, -144
-106, -40
-75, -117
-44, -115
-65, -115
-63, -89
-101, -98
-121, -92
-92, -111
3, -70
-60, -69
-8, -30
-90, -73
-64, -74
-86, -60
-94, -91
-43, -65
-51, -122
-24, -93
-110, -87
-76, -132
-107, -52
-27, -66
-29, -92
-63, -32
-13, -97
-4, -64
-78, -70
-73, -128
-59, -83
-45, -134
-76, -140
-103, -53
-123, -70
-137, -108
-96, -119
-52, -64
-8, -65
-61, -42
-55, -116
-96, -54
-73, -34
-46, -100
-39, -95
-132, -82
-61, -111
-74, -129
-95, -109
-83, -76
-46, -93
-51, -151
-64, -63
-60, -146
-97, -104
-70, -92
-49, -124
-124, -73
-97, -48
-19, -90
-85, -97
-73, -71
-46, -76
-90, -132
-70, -112
-63, -69
-102, -120
-54, -121
-105, -98
-46, -95
-54, -94
-79, -38
-77, -104
-112, -98
-32, -89
-75, -121
-78, -101
1, -122
-36, -120
-37, -98
-46, -107
-66, -93
-69, -54
-69, -85
-69, -75
-63, -46
-123, -101
-91, -103
-57, -85
-11, -115
-105, -86
-82, -58
-84, -121
-132, -55
-104, -95
-69, -167
-80, -66
-87, -54
-58, -114
-96, -84
-25, -81
-107, -143
-109, -61
-23, -42
-48, -88
-11, -40
-41, -114
-87, -77
-94, -102
-51, -122
-86, -84
-70, -81
-44, -125
-94, -89
-49, -68
-92, -110
-70, 2
-27, -119
-39, -88
-41, -97
-107, -100
-80, -62
-66, -100
-89, -86
-65, -122
-67, -61
-72, -96
-73, -88
-46, -79
-64, -59
-28, -97
-76, -74
-50, -50
-44, -76
-123, -22
-56, -118
-22, -112
-82, -132
-107, -77
-102, -69
-70, -91
-44, -100
-95, -120
-77, -102
-83, -53
-29, -105
-121, -85
-64, -63
-139, -174
-109, -94
-13, -96
-85, -74
-114, -117
-48, -85
-47, -78
-79, -119
-91, -83
-80, -92
-84, -127
-122, -75
-19, -84
-131, -90
-12, -63
-34, -88
-75, -32
-112, -97
-97, -117
-56, -154
-149, -95
-13, -41
-80, -90
-69, -29
-28, -86
-68, -96
-33, -141
-37, -122
-113, -68
-85, -32
-69, -66
-27, -99
-24, -95
-35, -146
-92, -100
-44, -96
-14, -87
-55, -71
-26, -127
-61, -110
-9, -56
-53, -90
-103, -27
-43, -76
-85, -95
-54, -103
-28, -93
-64, -130
-88, -103
-91, -66
-95, -135
-114, -137
-35, -116
-87, -99
-53, -62
-70, -58
-45, -128
-98, -98
-139, -67
-52, -68
-50, -87
-72, -131
-102, -94
-52, -82
-45, -88
10, -105
-58, -108
-84, -78
-60, -69
-65, -56
-49, -82
-143, -107
-65, -70
-82, -100
-81, -118
-19, -52
-55, -102
-45, -103
-53, -159
-45, -153
-39, -163
-68, -90
-45, -109
-73, -138
-73, -87
-99, -98
-96, -85
-48, -152
-14, -88
-84, -89
-127, -67
-58, -88
-37, -89
-103, -127
-78, -83
-49, -81
-15, -103
-55, -90
-64, -113
-82, -63
-54, -51
-58, -72
5, -99
-5, -82
-97, -165
-77, -121
-69, -128
-54, -154
-118, -56
-117, -46
-107, -83
-104, -96
-55, -75
-109, -153
-96, -103
-43, -55
-64, -157
-80, -124
-61, -96
-18, -71
-22, -127
-92, -98
-53, -84
-70, -74
-90, -111
-56, -78
-58, -108
5, -93
-102, -3
-118, -68
-46, -73
-68, -117
-90, -118
-40, -83
-70, -98
-63, -140
-21, -66
-86, -109
-54, 4
-51, -102
-33, -168
-56, -90
-91, -110
-68, -73
-98, -107
-70, -72
-65, -51
-73, -62
-106, -125
-71, -69
-88, -87
-44, -123
-56, -132
-82, -108
-36, -92
-87, -89
-120, -95
-81, -63
-66, -85
-105, -171
-94, -129
-69, -82
-89, -71
-82, -94
-119, -125
-134, -103
-74, -48
-112, -107
-85, -106
-43, -92
-92, -53
-97, -187
-21, -63
-4, -84
-79, -150
-111, -130
-79, -65
-70, -111
-37, -153
-59, -91
-42, -123
22, -74
-132, -98
-41, -155
-60, -190
-42, -122
-51, -75
-57, -42
-41, -108
-49, -98
-41, -119
-102, -89
8, -127
-66, -140
-85, -71
-90, -82
-57, -137
-46, -105
-64, -96
-80, -102
-54, -66
-51, -98
-99, -82
-53, -99
-137, -125
-113, -70
-137, -96
-43, -115
-59, -79
-37, -73
29, -106
-95, -76
6, -73
-49, -75
-82, -136
-77, -81
-78, -51
-154, -100
-25, -128
-110, -97
-83, -118
-60, -83
-43, -49
-80, -60
-71, -112
-37, -89
-106, -111
-99, -159
-85, -8
-43, -146
-142, -102
-86, -79
-136, -77
-83, -94
-141, -79
-85, -60
-111, -51
-127, -90
-49, -105
-52, -87
-70, -66
-92, -56
-98, -69
-109, -82
-108, -83
-99, -103
-21, -152
-71, -120
-38, -99
-120, -49
-30, -52
-77, -196
-103, -50
-44, -82
-103, -72
-85, -70
-121, -63
-52, -95
-73, -177
-110, -53
-100, -101
-100, -50
-93, -126
-65, -103
-55, -77
-19, -64
-68, -101
-62, -84
-60, -55
-43, -105
-60, -145
4, -124
-31, -136
-125, -71
-41, -120
-118, -126
-69, -96
-59, -76
-54, -103
-43, -151
-44, -138
-67, -82
-55, -120
-26, -127
-86, -31
-59, -111
-77, -56
-71, -69
-136, -49
-60, -67
-45, -87
-62, -116
-76, -101
-69, -79
-82, -132
-61, -74
-53, -51
-105, -78
-50, -79
-11, -133
-123, -79
-31, -62
-107, -160
-110, -116
-66, -106
-95, -39
-56, -58
-75, -114
3, -138
-106, -82
-98, -53
-41, -146
-83, -141
-70, -82
-84, -96
-110, -45
-1, -156
-96, -173
-83, -134
-55, -47
-25, -121
-105, -151
-109, -73
-105, -103
-99, -125
-13, -20
-59, -82
-96, -113
-78, -47
-49, -128
-78, -38
-116, -75
-57, -89
-35, -86
-65, -86
2, -103
-56, -105
-111, -102
-36, -62
-27, -93
-52, -134
-9, -115
-31, -108
-90, -121
-53, -101
-44, -38
-59, -77
-37, -114
-66, -139
-129, -134
-94, -134
-52, -100
-20, -88
-93, -160
-132, -93
-79, -48
-110, -94
-63, -80
-73, -78
-82, -102
-48, -62
-67, -87
-102, -94
-106, -81
-79, -82
-39, -84
-59, -95
-67, -128
-49, -92
-21, -122
-78, -115
-59, -75
-90, -138
-88, -118
-56, -148
-77, -53
-83, -52
-61, -80
-77, -86
-93, -123
-81, -62
-83, -120
-93, -81
-58, -65
-45, -91
-79, -76
-20, -131
-90, -89
-117, -131
-111, -90
-69, -91
1, -124
-75, -113
-83, -91
-32, -106
-129, -99
-88, -88
-31, -96
-34, -99
-82, -127
-73, -109
-82, -91
-63, -59
-46, -108
-107, -146
-62, -93
-44, -74
-101, -103
-44, -117
-69, -135
-111, -121
-51, -80
-77, -99
-18, -118
-90, -117
-76, -87
-64, -83
-78, -114
-91, -94
-78, -85
-75, -47
-67, -65
-92, -102
-41, -80
-107, -101
-61, -121
-69, -88
-92, -63
-14, -79
-124, -154
-54, -96
-122, -39
-28, -74
-48, -88
-101, -79
-69, -46
-86, -113
-104, -127
-53, -79
-72, -99
-96, -97
-54, -91
-53, -96
-75, -121
-97, -69
-107, -95
-59, -98
-7, -141
-151, -94
-122, -49
-65, -116
-64, -62
-87, -80
-23, -114
-63, -71
-81, -107
-81, -97
-97, -97
-73, -111
-65, -98
-102, -19
-88, -101
-119, -98
-78, -11
-22, -142
-43, -106
-59, -80
-65, -45
-68, -75
-85, -71
-103, -88
-123, -46
-65, -65
-60, -50
-110, -71
-18, -119
-33, -74
-76, -167
-69, -97
-61, -91
-89, -13
-80, -143
-53, -124
-97, -81
-9, -134
-31, -76
-46, -89
-7, -98
-92, -88
-60, -71
-95, -77
-170, -80
-32, -78
-82, -92
-74, -62
-54, -128
-93, -125
-90, -44
-114, -119
-89, -53
-52, -71
-93, -116
-52, -122
-58, -129
-17, -138
-32, -148
-60, -108
-107, -93
-95, -108
-109, -89
-50, -99
-14, -138
-83, -81
-61, -31
-101, -165
-102, -70
-49, -81
-30, -82
-108, -80
-84, -115
-39, -67
-93, -63
-42, -87
-92, -142
-110, -80
-25, -85
-56, -74
-50, -90
-119, -137
-88, -92
-67, -127
-71, -149
-50, -82
-66, -122
-100, -106
-96, -86
-39, -79
-106, -79
-76, -131
-76, -73
-68, -109
-68, -74
-51, -89
-120, -105
-63, -36
-47, -114
-83, -104
-27, -33
-34, -91
-45, -113
-53, -67
-44, -110
-104, -106
-30, -72
-79, -96
-127, -78
-69, -94
-43, -147
-81, -120
-33, -31
-111, -83
-47, -91
-116, -121
-130, -97
-107, -75
-88, -91
-49, -92
-46, -142
-60, -80
-84, -110
-16, -107
-70, -69
-83, -63
-70, -66
-54, -83
-68, -153
-90, -119
-121, -79
25, -88
-98, -98
-71, -76
-84, -87
-125, -50
-17, -31
-37, -112
-86, -95
-109, -59
-33, -90
-103, -127
-59, -88
-79, -89
-79, -85
-10, -57
-35, -49
-39, -80
-33, -93
-88, -87
-60, -78
-34, -67
-62, -117
-58, -87
-104, -82
-132, -133
-54, -102
-25, -110
-74, -152
-115, -127
-94, -76
-65, -36
-21, -40
-59, -147
-78, -61
-96, -85
-94, -76
-97, -70
-126, -90
-64, -91
-67, -88
-36, -68
-112, -90
-89, -58
-58, -114
-48, -110
-67, -104
-67, -105
25, -159
-45, -124
-126, -96
-110, -52
-84, -99
-81, -67
-92, 8
-84, -70
-74, -62
-33, -139
-38, -119
-111, -80
-101, -131
-99, -84
-70, -116
-102, -84
-70, -79
-70, -87
-121, -109
-19, -116
-73, -134
-115, -91
-80, -138
-107, -101
-85, -72
-16, -99
-47, -59
-101, -92
-114, -137
-92, -129
-44, -97
-26, -133
-61, -141
-105, -122
-59, -53
-94, -43
-106, -108
-53, -118
-28, -90
-42, -84
-48, -112
-84, -140
-116, -103
-92, -118
-55, -130
-47, -121
-72, -29
-92, -79
-12, -190
-77, -90
-88, -89
-130, -64
-109, -51
-46, -88
-150, -122
-78, -108
-77, -54
-6, -93
-48, -153
-59, -100
-124, -60
-74, -55
-77, -120
-132, -81
-38, -84
-39, -121
1, -84
-37, -67
-96, -71
-94, -21
-60, -54
-97, -156
-69, -97
-121, -145
-98, -31
-89, -116
-75, -37
-35, -54
-107, -83
-40, -117
-51, -181
-24, -91
-105, -68
-66, -50
-14, -91
7, -111
-56, -107
-70, -79
-40, -90
-119, -51
-38, -57
-44, -71
-83, -61
-117, -33
-118, -102
-109, -59
-42, -58
-26, -122
-42, -106
-30, -86
-112, -115
-117, -60
-90, -96
-51, -111
-79, -104
-65, -64
-107, -88
-69, -107
-53, -80
-66, -94
-23, -104
-49, -142
-59, -64
-107, -27
-60, -71
-96, -121
-81, -82
-87, -106
-114, -109
-115, -80
-64, -72
-57, -87
-61, -68
-40, -102
-85, -57
-72, -18
-38, -68
-130, -82
-101, -107
-58, -112
-30, -76
-44, -123
-109, -99
-114, -118
-72, -114
-148, -55
-97, -90
-57, -123
-29, -109
-14, -96
-148, -141
-66, -127
-99, -100
-64, -100
-47, -43
-46, -94
-163, -120
-106, -83
-76, -91
-113, -99
-20, -140
26, -81
-67, -145
-69, -97
-69, -81
-65, -83
-56, -77
-67, -92
-64, -17
-124, -57
-73, -80
-109, -97
-98, -88
-20, -80
-57, -56
-66, -97
-11, -140
-62, -85
-82, -63
-96, -134
-18, -169
-61, -57
-87, -81
-105, -84
-98, -71
-53, -101
-51, -65
-55, -129
-86, -74
-21, -64
-65, -67
-42, -60
-80, -145
-73, -72
-64, -17
-105, -115
-82, -75
-59, -116
-70, -140
-28, -115
-40, -83
-119, -42
-15, -77
-69, -87
-126, -78
-71, -91
-108, -64
-69, -84
-78, -141
-65, -109
-54, -13
-70, -50
-127, -112
-116, -85
-53, -60
-55, -34
-65, -53
-90, -96
-64, -119
-65, -156
-75, -80
-72, -61
-41, -93
-40, -75
-42, -81
-83, -50
-68, -116
-88, -106
-66, -84
-83, -46
-108, -69
-65, -93
-13, -69
-4, -95
-61, -124
-74, -139
-117, -60
-87, -56
-75, -86
-75, -102
-69, -133
-74, -88
-59, -146
-126, -105
-68, -76
-44, -74
-90, -105
-58, -86
-11, -85
-93, -138
-31, -75
-91, -78
-46, -112
-31, -86
-23, -77
-27, -95
-123, -79
-74, -85
-20, -123
-43, -63
-69, -69
-55, -68
-92, -41
-10, -51
-97, -118
-114, -106
-91, -77
-54, -122
-46, -57
-31, -95
-72, -106
-46, -70
-62, -66
-52, -107
-60, -93
-41, -97
-69, -55
-57, -63
-65, -84
-87, -98
-64, -172
-105, -58
-35, -117
-59, -112
-6, -104
-58, -78
-68, -116
-66, -63
-59, -58
-48, -80
-92, -95
-88, -112
-65, -64
-115, -147
-71, -78
-46, -85
-103, -71
-101, -121
-33, -67
-24, -97
-43, -134
-139, -25
-95, -82
-88, -81
-67, -27
-92, -79
-54, -73
-14, -69
-81, -89
-85, -122
-85, -78
-25, -90
-66, -99
-92, -113
-110, -118
-77, -103
-87, -115
-98, -160
-79, -100
-78, -126
-85, -95
-41, -119
-95, -128
-45, -68
-89, -122
-83, -56
-101, -125
-93, -69
-51, -123
-122, -129
-36, -128
-84, -156
-41, -127
-41, -105
-69, -79
-86, -80
-16, -64
-38, -58
-122, -127
-69, -126
-75, -67
-74, -65
-109, -57
-67, -130
-30, -125
-48, -171
-57, -101
-44, -96
-46, -126
-78, -58
-73, -127
-41, -156
-14, -68
-15, -16
-76, -141
-53, -93
-55, -56
-105, -124
-71, -79
-11, -84
-38, -81
-46, -153
-20, -89
-17, -76
-47, -80
-85, -68
-70, -133
-42, -102
-100, -83
-66, -84
-105, -99
-96, -83
-95, -38
-28, -74
-43, -112
-48, -99
-42, -59
-82, -56
-76, -85
-76, -73
-43, -112
-27, -77
-83, -105
-48, -100
-65, -121
-32, -80
4, -128
-96, -120
-48, -115
-90, -87
10, -114
-50, -144
-22, -16
-28, -148
-110, -104
-38, -66
-150, -115
-89, -95
-17, -93
-71, -128
-47, -85
-74, -26
-59, -101
-88, -129
-84, -66
-31, -86
-40, -97
-89, -72
-114, -82
-74, -118
-86, -134
-107, -95
-12, -121
-3, -119
-122, -93
-120, -32
-8, -81
-133, -95
-12, -117
-73, -72
-95, -51
-119, -71
-84, -119
-77, -144
-157, -71
-78, -112
-119, -54
-46, -67
-88, -100
-101, -85
-139, -64
-85, -111
-63, -123
-110, -68
-4, -107
-71, -130
-66, -118
-65, -107
-37, -125
-6, -110
-91, -23
-97, -75
-106, -121
-47, -63
-44, -75
-92, -69
-98, -80
-16, -70
-108, -96
-114, -55
-70, -58
-26, -88
-46, -113
-45, -115
-89, -74
-92, -117
-101, -146
-65, -149
-55, -70
-98, -91
-65, -54
-81, -73
-50, -81
-41, -72
-99, -43
-34, -87
-83, -149
-69, -73
-35, -75
-99, -68
-40, -94
-72, -110
-32, -94
-90, -54
-81, -80
-71, -113
-67, -77
-94, -131
-141, -86
-80, -73
-60, -60
-98, -102
-78, -120
-34, -111
-35, -95
-80, -82
-34, -115
-68, -67
-46, -121
-85, -130
-87, -122
-23, -131
-86, -54
-64, -76
-94, -81
-39, -117
-49, -140
-74, -106
-9, -97
-63, -93
-32, -106
-7, -107
-103, -137
-113, -127
-40, -72
-106, -54
-105, -88
-72, -113
-98, -114
-90, -70
-56, -128
-25, -184
-60, -64
-21, -38
-86, -78
-65, -93
-63, -100
-74, -121
-49, -98
-69, -40
-46, -140
-93, -145
-69, -61
-50, -75
-103, -95
-119, -68
-80, -48
-58, -97
-88, -141
-100, -126
-109, -102
-75, -52
-85, -120
-62, -78
-32, -126
-98, -122
-93, -65
-87, -140
-47, -75
-29, -101
-83, -135
-85, -77
-52, -135
-33, -169
-72, -72
-71, -74
-85, -126
-94, -107
-63, -72
-38, -91
-105, -111
-57, -44
-45, -83
-90, -74
-100, -57
-150, -75
-51, -69
-46, -123
-75, -122
-80, -62
-91, -94
-99, -61
-38, -62
-55, -107
-21, -106
-63, -12
-69, -28
-24, -106
-51, -63
-86, -103
-31, -87
-9, -49
-92, -77
-53, -80
-98, -79
-53, -65
-73, -159
-74, -138
-1, -97
-64, -35
-53, -88
-95, -145
-83, -52
-81, -71
-96, -91
-52, -67
-62, -38
-121, -87
-61, -88
-65, -28
-84, -56
-42, -73
-122, -68
-40, -78
-122, -102
-122, -49
1, -64
-53, -118
-52, -56
-78, -119
-81, -115
-19, -53
-42, -124
-64, -73
-72, -60
-2, -71
-80, -95
-117, -129
-79, -72
-66, -133
-53, -154
-88, -78
-104, -64
-35, -69
-67, -121
-70, -138
-50, -54
-27, -94
-60, -97
-22, -140
-58, -91
-134, -84
-117, -63
-94, -91
-45, -103
-29, -130
-75, -87
-66, -111
-90, -133
-85, -60
6, -117
-92, -52
-60, -71
-46, -90
-110, -128
-132, -130
-66, -111
-56, -117
-72, -63
-53, -102
-93, -24
-118, -116
-57, -179
-53, -129
-79, -113
-70, -71
-76, -101
-48, -89
-86, -116
-73, -109
-13, -55
-60, -73
-56, -110
-95, -85
-70, -97
-90, -72
-106, -77
21, -73
-59, -72
-77, -76
-45, -89
-89, -75
-102, -117
-84, -81
-76, -72
-104, -81
-81, -113
-88, -103
-110, -42
-31, -77
-14, -54
-43, -153
-56, -55
-87, -48
-83, -72
-90, -138
-166, -124
-52, -101
-29, -132
-99, -112
-75, -52
-61, -43
-29, -119
-84, -92
-32, -82
-93, -75
-53, -64
-82, -85
-68, -111
-93, -163
-72, -133
-81, -99
-71, -85
-71, -22
-140, -99
-27, -105
-44, -49
-60, -68
-109, -59
-31, -69
-40, -78
-74, -90
-50, -129
-7, -135
-63, -123
-71, -48
-25, -43
-40, -95
-98, -85
-136, -125
-38, -99
-16, -60
-39, -139
-40, -62
-45, -114
1, -82
-96, -120
-77, -131
-27, -43
-81, -97
-108, -54
-73, -101
-105, -93
-75, -40
-25, -111
-5, -118
-38, -111
-145, -137
-92, -126
-90, -76
-93, -87
-67, -49
-2, -65
-118, -135
-103, -80
-40, -68
-36, -98
-97, -15
-99, -25
-34, -109
-12, -115
-43, -90
-52, -95
-82, -107
-53, -25
-64, -86
-32, -118
-24, -110
-92, -100
-75, -92
-97, -86
-60, -78
-41, -83
-82, -91
-45, -102
-80, -107
-114, -88
-70, -28
-82, -95
-54, -100
-129, -102
-103, -68
-53, -59
-80, -138
-69, -83
-44, -65
-68, -110
-97, -104
-68, -56
-53, -83
-61, -24
-63, -56
-118, -67
-149, -84
-45, -87
-103, -35
-78, -49
-46, -104
-79, -105
-74, -38
-100, -104
-58, -79
-94, -65
-34, -20
-80, -98
-113, -105
-115, -120
-46, -88
-23, -85
-99, -121
-60, -55
-80, -71
-38, -76
-83, -106
-131, -115
-44, -80
-15, -92
-10, -126
-56, -68
-83, -56
-18, -137
-66, -130
-98, -59
-65, -126
-63, -101
-30, -61
-56, -98
-46, -69
-23, -54
-58, -107
-66, -58
-44, -55
-146, -32
-82, -40
-78, -126
-123, -40
-61, -105
-84, -118
-26, 13
-62, -104
-52, -99
-20, -158
-89, -145
-58, -24
-11, -30
-63, 3
-83, -126
-118, -124
-51, -108
-45, -134
-54, -58
-10, -66
-52, -97
-79, -111
-76, -122
-96, -93
-71, -73
-26, -78
-107, -99
-53, -98
-98, -100
-88, -136
-74, -109
-126, -112
-90, -79
-63, -97
-73, -72
-61, -62
-46, -155
-115, -137
-112, -58
-106, -19
-20, -134
-76, -65
-48, -41
-37, -113
-84, -102
8, -100
-43, -66
-100, -46
-116, -82
-35, -94
-49, -162
-72, -106
-82, -8
-23, -71
-53, -115
-125, -86
-63, -52
-58, -109
-69, -45
-105, -102
-114, -79
-79, -15
-35, -68
-46, -34
-66, -107
-93, -144
-43, -148
-138, -81
-67, -39
-84, -84
-94, -98
-75, -84
-73, -52
-23, -57
-91, -22
-97, -95
-13, -72
-85, -71
-95, -77
-47, -50
-111, -85
-103, -96
-68, -101
-16, -82
-80, -60
-43, -40
-70, -30
-67, -102
-98, -133
-98, -90
10, -116
-24, -99
-36, -40
-95, -67
-107, -115
-71, -105
-101, -111
-58, -83
-103, -84
-95, -123
-56, -82
-73, -112
-126, -84
-141, -104
-50, -107
-33, -92
-143, -60
-57, -31
-25, -134
-82, -121
-99, -75
-55, -89
-55, -62
-121, -63
-93, -58
-133, -95
-86, -102
-63, -83
-69, -108
-96, -74
-30, -66
-45, -83
-73, -81
-85, -40
-47, -98
-31, -41
-91, -113
-112, -141
-108, -86
-44, -25
-105, -75
-115, -141
-44, -98
-90, -90
-73, -76
-49, -60
-54, -65
-63, -87
-105, -79
-103, -43
-144, -85
-84, -99
-50, -69
-4, -100
-66, -42
-79, -59
-47, -146
-77, -137
-38, -122
-66, -81
4, -75
-72, -91
-38, -74
-55, 55
-77, -108
-120, -140
-68, -53
-50, -163
-176, -134
-51, -147
-86, -105
-53, -97
-58, -102
-80, -84
-78, -76
-166, -105
-66, -79
-17, -100
-116, -141
-65, -110
-28, -91
-92, -88
-87, -64
-21, -96
-89, -154
-105, -83
24, -42
-59, -116
-69, -76
-62, -73
-161, -130
-92, -42
-81, -64
-110, -145
-49, -71
-17, -148
-84, -158
-17, -85
-78, -56
-17, -151
-36, -124
-113, -99
-53, -75
-1, -29
-6, -97
-95, -90
-117, -61
-110, -54
-77, -109
-77, -63
-38, -139
-30, -96
-52, -42
-87, -72
-37, -89
-102, -130
-63, -69
-46, -101
-84, -140
-41, -73
-81, -69
-97, -92
-109, -112
-5, -118
-94, -117
-56, -99
-19, -110
-97, -127
-84, -131
-76, -115
-61, -124
-80, -53
-65, -46
-87, -149
-77, -75
-90, -72
-94, -87
-86, -134
-158, -104
-78, -88
-33, -92
-55, -33
-76, -54
-108, -81
-100, -97
-61, -72
-41, -105
-115, -53
-1, -56
-75, -97
-103, -29
-74, -80
-122, -95
-99, -40
-79, -74
-102, -71
-124, -103
-73, -102
-48, -77
-61, -86
-73, -80
-71, -47
-57, -65
-58, -86
-64, -66
-80, -91
-38, -96
-89, -65
-58, -59
-74, -85
-52, -142
-93, -116
-138, -96
-68, -130
-94, -70
-61, -142
-42, -102
-58, -45
-49, -83
-91, -40
-67, -83
-48, -65
-148, -112
-100, -127
-31, -111
-85, -83
-71, -33
-44, -90
-72, -56
-83, -109
-54, -78
-44, -60
-104, -50
-107, -79
-73, -68
-58, -74
-46, -54
-10, -93
-95, -95
-16, -42
-38, -40
-83, -42
-56, -84
-70, -73
-103, -54
-80, -53
1, -128
-66, -66
-55, -71
-46, -96
-99, -84
-72, -72
-77, -73
-72, -32
-55, -91
-66, -62
-105, -95
-32, -84
-150, -96
-108, -124
-31, -62
-53, -33
10, -46
-54, -172
-102, -117
-82, -136
-43, -97
-74, -63
-87, -55
-99, -95
-75, -141
-95, -95
-61, -128
-107, -61
-20, -41
-108, -131
-72, -72
-51, -73
-9, -120
-12, -87
-64, -93
-100, -140
-154, -119
-37, -44
-49, -96
-73, -109
7, -39
-69, -127
-106, -90
-32, -118
-93, -56
-55, -47
-129, -107
-21, -93
-13, -101
-106, -116
-72, -63
-1, -77
-21, -98
-64, -118
-40, -66
-49, -10
-49, -69
-148, -121
-83, -125
51, -43
-88, -112
-113, -135
-71, -103
-54, -93
-120, -62
-45, -58
-51, -77
-60, -90
-58, -44
-62, -67
-113, -118
-88, -80
-71, -44
-60, -41
-50, -51
-112, -89
-69, -50
-28, -47
-57, -76
-47, -113
-93, -85
-104, -111
-46, -133
-43, -109
-50, -79
-79, -125
32, -109
-54, -29
-120, -133
-130, -90
-35, -64
-119, -57
-95, -121
-36, -130
-65, -89
-88, -78
-46, -48
-74, -87
-86, -91
-48, -65
-120, -69
-36, -105
-83, -121
-63, -121
-85, -78
-64, -45
-71, -94
-71, -82
-35, -114
-49, -113
-90, -83
-31, -57
-40, -115
-100, -77
-19, -66
-53, -65
-111, -99
-74, -75
-120, -79
-18, -103
-48, -127
-87, -94
-45, -71
-130, -87
-31, -74
-73, -88
-64, -21
-1, -83
-96, -51
-110, -36
-95, -99
-80, -74
-94, -56
-54, -29
-78, -164
-70, -54
-58, -18
-65, -81
-88, -93
-105, -117
-44, -28
-70, -42
-70, -78
-85, -122
-77, -69
-33, -86
-104, -46
-84, -74
-74, -58
-99, -85
-50, -117
-29, -113
-17, -119
-47, -51
-30, -78
-82, -142
-106, -129
-95, -61
-76, -88
-104, -90
-66, -77
-116, 1
-32, -68
-96, -101
-104, -89
-32, -88
-89, -91
-24, -126
-73, -64
-68, -56
-142, -43
-126, -98
-50, -169
-78, -110
-9, -128
-5, -92
-67, -49
-86, -87
-106, -90
-114, -85
-76, -2
-52, -70
-110, -113
-146, -81
-2, -51
-95, -90
-53, -47
-67, -31
-108, -92
-55, -65
-11, -80
-48, -68
-40, -55
8, -10
-76, -34
-52, -109
-51, -112
-75, -128
-42, -118
-10, -97
-102, -69
-32, -107
-71, -106
-84, -119
-116, -97
-45, -83
-38, -158
-74, -126
-92, -65
-91, -102
-44, -62
9, -93
-120, -120
-80, -46
-10, -143
-117, -82
-21, -65
-78, -44
-66, -158
-49, -86
-44, -34
-39, -47
-55, -83
-61, -151
18, -71
-104, -76
-124, -40
-56, -88
-98, -111
-78, -115
-27, -117
-77, -25
-36, -112
-11, -135
-108, -36
-55, -114
-128, -170
-74, -93
-53, -94
-9, -109
-70, -90
-168, -75
-26, -60
-58, -69
-107, -92
-53, -118
16, -104
-63, -47
-44, -80
-49, -142
-73, -124
-45, -98
-83, -83
-39, -104
-93, -124
-72, -160
-97, -34
-132, -75
-74, -68
-60, -121
-104, -74
-49, -116
-76, -99
-24, -77
-45, -140
-85, -69
-90, -107
-75, -41
-82, -90
-99, -108
-76, -37
-90, -63
-34, -102
-68, -111
-27, -45
-76, -19
-69, -123
-88, -52
-47, -63
-6, -125
-102, -102
-44, -28
-67, -4
-111, -67
-91, -110
-61, -112
-57, -71
-117, -29
-98, -61
-74, -135
-16, -60
-69, -77
-73, -59
-53, -72
-25, -99
-34, -102
-74, -111
-95, -113
-89, -47
20, -53
-27, -98
-55, -47
-29, -71
-13, -89
-33, -102
-28, -45
-66, -82
-111, -56
-55, -102
-65, -114
-82, -92
-66, -111
-79, -72
-111, -26
-34, -99
-110, -120
-66, -82
-49, -96
-101, -53
-63, -39
-114, -88
-53, -74
-114, -61
-59, -103
-84, -49
-82, -95
-78, -59
-62, -44
-46, -78
-18, -80
-68, -97
-85, -85
34, -58
-57, -113
-61, -92
-53, -97
-74, -116
-100, -50
-44, -119
-54, -83
-72, -87
-39, -59
-89, -75
-62, -72
-48, -83
-58, -115
-65, -70
-105, -17
-86, -65
-63, -132
-50, -99
-74, -93
-58, -90
-38, -70
-122, -23
-27, -90
-88, -94
-44, -80
-69, -103
-64, -80
1, -69
-69, -89
-59, -146
-95, -83
-36, -99
-78, -14
-45, -58
-89, -161
-63, -93
-23, -77
-63, -91
-40, -53
-31, -83
-58, -111
-66, -77
-111, -65
-72, -72
-58, -55
-8, -61
-39, -113
-57, -120
-103, -77
-96, -74
-41, -60
-104, -69
-48, -66
-46, -53
-70, -98
-73, -91
-90, -131
-20, -115
-38, -53
-71, -66
-90, -56
-76, -83
-28, -74
-55, -46
-77, -40
-47, -33
-37, -126
-89, -68
-76, -58
-93, -134
-26, -59
-18, -48
-48, -77
-87, -55
-87, -84
4, -122
-84, -119
-111, -86
-6, -59
-77, -76
-70, -61
-66, -42
-104, -108
-65, -112
-78, -103
-75, -44
-63, -123
-87, -94
-100, -64
-72, -96
-46, -106
-23, -118
-26, -95
-73, -34
-124, -101
-140, -98
-129, -11
-57, -112
-65, -77
-55, -98
-75, -28
-80, -88
-56, -50
-55, -48
-77, -97
-106, -98
-146, -105
-107, -49
-39, -62
-78, -108
-106, -32
-34, -46
-48, -80
-53, -100
-103, -97
-112, -10
-60, -86
-48, -94
-42, -72
-95, -9
-85, -47
-85, -78
10, -107
-87, -66
-34, -57
-90, -109
-87, -97
-54, -71
-52, -34
-37, -95
-100, -105
-87, -35
-139, -50
-80, -48
-110, -100
-67, -83
-48, -88
-71, -41
-68, -33
-106, -38
-102, -32
-54, -60
-39, -68
-103, -67
-54, -35
-77, -56
-68, -84
-42, -92
-77, -113
-54, -77
-48, -117
-128, -124
-46, -47
-44, -29
-109, -80
-27, -121
-86, -81
-113, -100
-119, -40
-70, -53
-83, -107
-106, -57
-39, -53
-48, -71
-40, -118
-114, -66
-60, -79
-55, -109
-79, -118
-34, -105
-74, -59
-95, -112
-96, -85
-86, -58
-88, -70
-42, -87
-31, -44
-71, -80
-100, -127
-54, -65
-53, -93
-107, -101
-49, -61
-91, -124
-45, -97
-38, -56
-66, -101
-46, -101
-82, -69
-16, -66
-52, -138
-51, -141
-58, -49
-30, -105
-96, -120
-85, -68
-51, -101
-81, -84
-74, -44
-99, -74
-55, -88
-97, -50
-63, -113
-45, -114
-80, -93
-33, -102
-84, -92
-125, -75
-13, -92
-29, -138
-104, -69
-36, -39
-36, -49
-20, -53
-56, -113
-36, -104
-16, -83
-2, -58
-33, -57
-75, -66
-91, -44
-68, -54
7, -85
-82, -82
-34, -60
3, -68
-122, -74
-71, -77
-37, -64
-39, -99
-95, -80
-44, -76
-84, -43
-112, -85
-60, -111
-68, -106
-15, -127
-39, -67
-52, -108
-86, -114
-76, -130
-63, -73
-45, -74
-11, -104
-100, -65
-91, -91
-53, -89
-63, -90
-23, -136
-84, -89
-69, -108
-67, -98
-124, -79
-70, -156
-12, -117
-27, -107
-56, -105
-81, -92
-90, -125
-42, -119
-105, -55
-55, -102
-75, -82
-113, -75
-38, -61
-82, -90
-63, -104
-4, -84
-10, -179
-99, -80
-51, -81
-86, -80
-72, -86
-129, -99
-82, -97
-102, -112
-123, -108
-64, -122
-124, -60
-53, -62
-14, -170
-84, -115
-81, -64
-2, -82
-55, 8
-66, -59
-130, -87
-73, -79
-115, -62
-48, -72
-77, -84
-103, -39
-42, -33
-127, -24
-41, -89
-34, -109
-48, -74
-137, -98
-41, -80
-58, -118
-110, -117
-63, -73
-64, -90
-65, -124
-96, -62
-26, -49
-74, -22
-78, -125
-94, -130
-62, -4
-43, -69
-53, -72
-59, -51
-69, -39
-37, -111
-116, -71
-48, -83
-76, -79
-27, -100
-70, -133
-96, -83
-75, -30
-91, -66
-92, -57
-88, -70
-67, -129
-15, -150
-49, -130
-31, -74
-33, -83
-97, -77
-83, -58
-68, -47
-64, -82
-35, -69
-55, -125
-106, -56
-36, -34
-78, -101
-50, -119
-84, -73
17, -142
-52, -117
-65, -51
-58, -65
-80, -91
-141, -57
8, -103
-23, -73
-97, -79
0, -97
-118, -41
-68, -97
-89, -83
-80, -130
-97, -111
-14, -97
-19, -132
-13, -101
-41, -50
-67, -100
-49, -26
-77, -58
-79, -72
-50, -72
-86, -127
-133, -87
-64, -76
-78, -126
-33, -67
-69, -69
-113, -91
-50, -52
-64, -70
-31, -62
-74, -87
-18, -106
-61, -109
-15, -62
-90, -115
-85, -57
-30, -81
-55, -118
-59, -25
-59, -78
-71, -77
-134, -129
-74, -50
-12, -105
-51, -119
-92, 7
-52, -69
-93, -131
-109, -48
-56, -68
-31, -100
-8, -61
-104, -118
-46, -63
-28, -98
-91, -120
-80, -115
-71, -59
-54, -83
-63, -71
-122, -87
-97, -83
-38, -110
-72, -105
-88, -14
-68, -66
-49, -81
-75, -116
-48, -140
-72, -90
-126, -69
-67, -70
-33, -63
-85, -33
-77, -74
-102, -156
-12, -76
1, -54
-113, -73
-157, -86
-21, -55
-49, -123
-96, -127
-98, -114
-12, -91
-71, -67
-40, -101
-48, -46
-45, -81
-32, -86
-82, -68
-62, -39
-61, -48
-30, -32
-75, -52
-9, -43
-9, -76
-38, -80
-68, -105
-89, -133
-58, -36
-34, -157
-156, -97
-72, -53
-43, -79
-58, -50
-46, -58
-75, -128
-86, -129
-71, -83
-15, -44
-30, -49
-154, -127
-50, -40
-50, -44
-67, -98
-11, -74
-66, -73
-68, -82
-82, -70
-48, -132
-74, -84
-88, -61
-100, -110
-98, -99
-40, -101
-33, -86
-89, -87
-69, -62
-57, -107
-24, -14
-46, -70
-48, -57
-42, -46
-27, -124
-103, -79
-4, -76
-63, -71
-11, -64
-87, -72
-82, -125
2, -75
-97, -33
-15, -26
-128, -53
-119, -65
-70, -90
-124, -66
-39, -83
-46, -50
-59, -76
-61, -45
-60, -84
-97, -127
-67, -63
-11, -61
-57, -83
-97, -74
-55, -63
-43, -129
-116, -54
-45, -29
-82, -79
-27, -90
-107, -77
-111, -57
-55, -89
-85, -44
-91, -49
-82, 2
-142, -82
-95, -60
-12, -52
-60, -132
-41, -101
-1, -65
-39, -64
-108, -103
-73, -73
-70, -102
-12, -103
-69, -93
-93, -47
-38, -94
-87, -84
14, -81
-41, -122
-100, -118
-56, -86
-97, -104
-33, -56
-63, -88
-40, -67
-54, -149
-112, -66
-31, -49
-3, -124
-69, -121
-42, -88
-14, -70
-88, -120
-77, -71
-33, -96
-86, -76
-46, -44
-45, -84
-115, -16
-90, -36
-66, -94
-64, -82
-116, -59
-44, -50
-102, -59
-58, -69
-80, -179
-71, -130
-55, -56
-124, -87
-107, -50
-64, -80
-39, -124
-47, -85
-82, -118
-117, -67
-48, -54
-60, -73
-123, -83
-86, -68
-2, -128
-59, -109
-47, -82
-50, -90
-105, -87
-29, -85
-80, -40
-66, -85
-60, -69
-83, -57
-55, -80
-89, -104
-60, -57
-91, 3
-83, -74
3, -135
-70, -127
-117, -111
-51, -97
-61, -102
-53, -157
-96, -118
-77, -96
-67, -71
-122, -94
-41, -75
-79, -75
-96, -95
-59, -69
-99, -82
-39, -71
-99, -88
-104, -82
-53, -112
-20, -132
-39, -106
-128, -91
-119, -104
-44, -58
-97, -103
-121, -107
-70, -100
-81, -109
-66, -80
-82, -47
-78, -30
-22, -92
-76, -75
-98, -69
-71, -35
-55, -96
-48, -78
-52, -104
-94, -114
-37, -100
-88, -83
-62, -94
-37, -45
-26, -90
-46, -103
-95, -55
-56, -55
-36, -101
-104, -104
-105, -75
-118, -67
-80, -93
-37, -97
-64, -81
-42, -69
-117, -14
-47, -121
-70, -123
-67, -67
-81, -67
-78, -54
-34, -124
-85, -119
-141, -51
-103, -59
-42, -58
-38, -119
-26, -103
-107, -49
-66, -84
-68, -75
-46, -102
-61, -152
-84, -46
3, -81
-11, -77
-58, -91
-13, -132
-14, -55
-23, -62
-92, -83
-62, -122
-85, -103
-106, -71
-57, -108
-36, -72
-94, -94
-111, -102
-77, -55
-47, -33
-35, -83
-68, -51
-64, -64
-55, -109
-50, -49
-89, -79
-46, -86
-62, -75
-43, -52
-70, -45
-79, -43
-61, -95
-95, -165
-86, -138
-45, -115
-90, -53
-69, -34
-28, -70
-75, -80
-70, -77
-37, -110
-111, -111
-114, -94
-79, -70
-73, -77
-62, -55
-68, -94
-89, -65
-42, -78
-75, -112
-97, -68
-67, -87
-93, -69
-54, -93
-63, -69
-58, -100
-67, -63
-113, -91
-68, -97
-55, -87
-39, -129
-25, -83
-15, -75
-85, -96
-44, -92
-28, -100
-44, -159
-91, -77
-90, -7
-53, -83
-85, -135
-92, -84
-55, -39
-38, -62
-40, -51
-42, -101
-34, -67
-79, -65
-97, -93
-78, -26
-25, -118
-34, -128
-64, -80
-77, -104
-88, -139
-33, -128
-89, -85
-80, -62
-69, -97
-58, -42
-112, -29
-90, -64
-32, -47
-65, -115
-44, -54
-38, -59
-18, -79
-37, -97
-121, -73
-16, -93
-61, -81
-77, -80
-110, -59
-60, -54
-89, -122
-65, -72
-27, -125
-67, -130
-82, -110
-131, -142
18, -175
-112, -117
-70, -89
-14, -90
-56, -44
23, -49
-14, -78
-95, -108
-71, -87
-48, -80
-61, -148
-83, -54
-5, -107
-81, -78
-97, -75
-67, -117
-79, -108
-90, -147
-83, -95
-93, -65
-89, -97
-91, -65
-65, -80
-66, -55
-32, -12
-31, -124
-117, -51
-5, -88
-81, -140
-64, -79
-4, -146
-69, -61
-46, -28
-52, -102
-104, -142
-30, -90
-57, -82
-42, -100
24, -53
-56, -59
-103, -53
-59, -54
-32, -105
-127, -101
-78, -93
-48, -89
-43, -78
11, -59
-82, -57
-24, -142
-13, -171
-91, -119
-86, -57
-29, -93
-55, -81
-84, -66
-31, -90
-66, -126
-109, -76
-25, -117
-96, -81
5, -96
-103, -129
-69, -99
-45, -130
-96, -94
-70, -86
-137, -64
-48, -59
-16, -150
-31, -120
-22, -84
-56, -94
-13, -23
-63, -19
-62, -96
-71, -40
-73, -76
-52, -43
-51, -78
-53, -86
-107, -23
-72, -147
-36, -94
21, -52
-86, -67
-35, -101
-90, -90
-60, -77
-81, -32
-50, -91
-34, -79
-17, -68
-65, -115
-79, -91
-87, -113
-67, -36
28, -103
-75, -132
-90, -37
-73, -118
-88, -75
-60, -47
-26, -120
-51, -77
-11, -84
-62, -37
-39, -58
-89, -65
-55, -71
-23, -77
-44, -44
-102, -99
-107, -110
-10, -56
-55, -44
11, -162
-32, -109
-65, -126
-77, -76
-35, -13
0, -126
-87, -80
0, -103
-13, -110
-82, -56
-49, -106
-75, -65
-105, -48
-8, -85
-22, -119
-51, -67
-72, -66
-61, -68
-60, -79
-70, -125
-53, -130
-75, -78
-84, -139
-110, -78
-71, -56
-68, -107
-85, -67
-42, -54
-53, -96
-98, -130
-73, -42
-69, -55
-88, -130
-45, -102
30, -95
-85, -90
-68, -58
-81, -81
-38, -135
-57, -128
-61, -92
-54, -93
-26, -49
-87, -112
-67, -68
-27, -49
-46, -109
-79, -53
-26, -64
-69, -84
-126, -51
-80, -98
-94, -72
-47, -79
-77, -116
-92, -109
-105, -44
-67, -81
-139, -170
-115, -91
-62, -88
-47, -108
-127, -77
-27, -59
-64, -65
-114, -123
-75, -135
-84, -78
-40, -27
-34, -103
-48, -98
-107, -87
-49, -123
-61, -93
-65, -103
-63, -42
-82, -87
-92, -108
-21, -131
-106, -129
4, -90
-39, -82
-12, -20
-21, -113
-125, -109
-105, -94
-53, -106
-91, -81
-43, -40
13, -95
-91, -110
-73, -132
-51, -116
-64, -43
-48, -109
-80, -144
-143, -101
-50, -107
-92, -121
-92, -91
-88, -77
-68, -42
-43, -106
-53, -94
-70, -69
-34, -74
-65, -80
-60, -57
-72, -73
-73, -115
-56, -70
-70, -65
-103, -73
-119, -125
-107, -47
-114, -74
-104, -31
-26, -87
-67, -101
-91, -117
-76, -96
-89, -46
-14, -92
-59, -93
-96, -61
-120, -46
-43, -81
-16, -138
-89, -115
-50, -72
-101, -163
-81, -75
-91, -76
-66, -25
2, -48
-66, -28
-90, -74
-87, -60
-95, -105
-100, -86
-67, -69
-66, -51
-51, -87
-68, -105
-57, -64
-57, -73
-63, -54
-61, -133
-37, -64
-77, -61
-90, -49
-124, -66
-72, -65
-48, -136
-67, -90
-49, -18
-83, -65
-64, -89
-48, -73
-63, -47
-77, -61
-39, -65
-104, -63
-76, -73
-70, -79
-56, -45
-34, -79
-82, -72
-110, -30
-80, -23
-79, -54
-74, -39
-19, -69
-62, -144
-91, -107
-71, -59
-102, -30
-53, -88
-68, -51
-94, -110
-78, -120
-65, -115
-118, -67
-74, -74
-56, -150
-60, -90
-35, -126
-41, -38
-49, -50
-70, -97
-27, -73
-94, -72
-37, -35
-48, -80
-89, -78
-20, -54
-101, -44
-56, -32
-82, -86
-98, -114
-10, -75
-110, -62
-118, -87
-27, -119
-36, -117
-59, -97
-22, -124
-22, -116
-80, -44
-57, -42
-56, -105
-97, -110
-102, -122
-63, -122
-106, -52
-103, -48
-66, -122
-66, -94
-91, -63
-83, -98
-84, -75
-32, -73
-36, -122
-71, -83
-75, -97
-80, -95
-9, -129
-47, -102
-105, -34
-52, -87
-78, -96
-60, -106
-70, -88
-53, -61
-87, -120
-61, -18
-21, -88
-183, -125
-29, -125
-52, -97
-102, -115
-71, -91
-74, -62
-98, -92
-60, -68
-34, -110
-40, -83
-57, -68
-63, -85
-84, -89
-122, -121
-73, -59
-53, -65
-103, -66
-46, -37
-40, -109
-80, -133
-85, -96
-72, -46
-100, -118
-80, -119
-3, -85
-60, -61
-98, -71
-119, -101
-61, -102
-85, -102
-78, -58
-60, -76
-52, -119
-60, -118
-69, -124
-33, -99
-81, -141
-77, -21
-77, -10
-108, -77
-54, -61
-94, -63
-113, -100
-5, -69
-72, -113
-23, -116
-96, -124
-87, -113
-22, -133
-78, -66
-48, 4
-92, -88
-93, -95
-84, -106
-109, -48
-68, -14
-49, -79
-48, -122
-37, -87
-48, -105
-98, -78
-104, -111
-64, -98
-57, -121
-27, -127
-42, -92
-89, -33
-30, -101
-65, -140
-79, -43
0, -85
-88, -115
-84, -109
-133, -75
-76, -82
-101, -103
-67, -112
-103, -105
-75, -59
-110, -85
-72, -91
-37, -91
-59, -71
-37, -108
-139, -55
-67, -74
-94, -132
-48, -37
-43, -83
-43, -58
-35, -144
-58, -104
-77, -71
-71, -57
-63, -87
-56, -76
-108, -33
-94, -113
-99, -118
-32, -90
-47, -52
-66, -57
-46, -101
-116, -55
-54, -71
-64, -54
-98, -69
-81, -89
-88, -97
-58, -99
-27, -117
-87, -76
-64, -49
-81, -83
-107, -61
-25, -122
-86, -58
-37, -75
-68, -106
-123, -62
-32, -102
-81, -104
-104, -103
-45, -81
-45, -20
-81, -115
-96, -190
-79, -62
-33, -85
-81, -126
-16, -90
-97, -106
-73, -63
-32, -124
-83, -121
-87, -44
-67, -71
-31, -111
-81, -73
-3, -72
-106, -112
-50, -74
-25, -110
-105, -59
-74, -85
-61, -121
-94, -123
-75, -73
-80, -53
-31, -80
-53, -86
-90, -79
-55, -90
-130, -66
-105, -39
-50, -145
-28, -55
-88, -61
-25, -76
-61, -77
-36, -93
-52, -125
-91, -80
-51, -93
-56, -130
-39, -52
-31, -68
-79, -89
-81, -90
-9, -73
-64, -75
-82, -80
-68, -134
-68, -167
-95, -130
-100, -118
-67, -119
-56, -42
-68, -86
-83, -138
-87, -125
-5, -72
-82, -78
-61, -124
-51, -93
-137, -115
-91, -76
-3, -52
-27, -64
-90, -96
-35, -90
-114, -128
-61, -81
-59, -80
-66, -84
12, -11
-71, -116
-85, -146
-80, -32
-16, -91
-39, -178
-68, -84
-54, -116
-125, -106
-47, -98
-38, -114
-66, -83
-28, -108
-56, -71
-66, -37
-64, -92
-14, -101
-140, -76
-87, -51
-7, -108
-111, -114
-29, -59
-106, -58
-69, -81
-73, -123
-59, -94
-49, -125
-38, -129
-48, -116
-76, -72
-70, -88
-91, -108
-118, -85
-51, -34
-63, -86
-119, -85
-111, -79
-38, -96
-68, -110
-118, -85
-79, -88
-92, -82
-59, -68
-29, -115
-117, -106
-71, -53
-2, -137
-59, -110
-95, -72
-72, -135
-81, -66
-110, -118
-16, -139
-75, -21
-88, -56
-99, -157
-58, -56
-71, -107
-117, -107
-57, -95
-79, -74
-53, -84
-80, -106
-120, -91
-48, -45
32, -84
-72, -157
-47, -103
-5, -94
-108, -90
-54, -108
-25, -97
-18, -94
-93, -74
-87, -73
-39, -134
-49, -87
-48, -95
-28, -151
-121, -82
-57, -92
-149, -40
-135, -60
-76, -100
-38, -95
-79, -89
-100, -79
-2, -33
-99, -31
-81, -114
-45, -84
-113, -122
-79, -60
2, -120
-82, -125
-91, -112
-73, -144
-16, -18
-77, -66
-54, -98
3, -84
-59, -94
-46, -100
-48, -87
-88, -81
-29, -131
-77, -58
-43, -95
-55, -55
-50, -92
-54, -167
-82, -69
-68, -123
-92, -130
-46, -99
-140, -81
-78, -54
-51, -95
-64, -109
-109, -48
